Date,Aggregate,Fridge,Chest Freezer,Upright Freezer,Tumble Dryer,Washing Machine,Dishwasher,Computer Site,Television Site,Electric Heater,tavg
2013-10-09,5192.675555555556,132.1,173.5825,304.2475,5.136666666666667,0.0,0.0,0.0,75.92611111111111,10.891666666666667,11.2
2013-10-10,14250.194444444445,399.34166666666664,353.4725,791.6983333333334,0.3377777777777778,0.0,872.9552777777778,29.070555555555554,162.79861111111111,23.988055555555555,8.8
2013-10-11,5666.059166666667,319.6977777777778,378.2936111111111,638.8972222222222,0.0,0.0,0.0,0.0,1.4894444444444443,23.995833333333334,10.7
2013-10-12,5169.675277777778,302.9377777777778,370.58444444444444,592.3997222222222,0.0,0.0,0.0,0.0,1.5516666666666667,23.976944444444445,11.6
2013-10-13,5147.283055555556,276.675,362.1066666666667,607.3608333333333,0.0,0.0,0.0,0.0,1.495277777777778,23.986944444444447,10.6
2013-10-14,5891.088333333333,259.65583333333336,365.8805555555556,615.0158333333334,0.0,0.0,0.0,0.0,1.49,23.985555555555557,9.4
2013-10-15,7655.451944444445,249.26305555555555,351.5286111111111,553.0219444444444,0.0,0.0,0.0038888888888888888,0.0,1.5552777777777778,23.990833333333335,10.5
2013-10-16,6006.416111111112,251.7186111111111,344.29027777777776,557.48,0.0,0.0,0.0,0.0,1.5266666666666666,24.0,9.6
2013-10-17,11045.885555555556,246.415,367.985,569.2208333333333,0.0,0.0,0.0,0.0,1.518888888888889,23.986666666666668,12.4
2013-10-18,5207.886666666666,292.55055555555555,372.53222222222223,570.1308333333334,0.0,0.0,0.0,0.0,1.475,24.0,12.1
2013-10-19,4452.834444444445,278.56361111111113,381.41833333333335,560.0980555555556,0.0,0.0,0.0,0.0,1.4919444444444445,23.986944444444443,14.0
2013-10-20,7943.649166666667,278.44694444444445,388.68194444444447,572.4188888888889,0.0,0.0,0.0,0.0,1.5252777777777777,23.954166666666666,13.6
2013-10-21,5122.772777777778,257.68944444444446,365.2322222222222,579.9038888888889,0.0,0.0,0.0,0.0,1.4980555555555555,23.977777777777778,14.3
2013-10-22,8314.291388888889,314.4922222222222,405.9488888888889,592.7102777777778,0.0,0.006944444444444445,0.0,37.403055555555554,75.13,23.979444444444447,15.8
2013-10-23,13842.442777777778,427.7008333333333,392.1986111111111,714.4691666666666,114.00805555555556,1087.8955555555556,0.4266666666666667,43.485277777777775,214.21444444444444,24.0,12.7
2013-10-24,14592.699166666667,420.1541666666667,399.4738888888889,782.4919444444445,373.9816666666667,263.4586111111111,0.0,13.209722222222222,99.65277777777779,23.984444444444446,11.3
2013-10-25,11200.955555555556,447.4063888888889,427.8077777777778,708.3302777777778,0.0,0.0,892.4505555555555,32.47694444444444,223.6927777777778,23.982222222222223,14.8
2013-10-26,9584.338055555556,381.79027777777776,422.23333333333335,695.7969444444444,0.0,285.62333333333333,0.02666666666666667,11.023055555555556,144.35777777777778,22.987222222222222,14.6
2013-10-27,13889.436944444444,493.9002777777778,391.22222222222223,734.6519444444444,470.8186111111111,530.3586111111111,0.0,126.24361111111111,283.84222222222223,24.98777777777778,12.3
2013-10-28,12046.646944444445,409.6802777777778,398.80111111111114,612.1505555555556,157.55916666666667,277.8497222222222,0.0,67.66388888888889,120.89611111111111,23.996666666666666,10.1
2013-10-29,16601.265555555554,406.7238888888889,370.48833333333334,672.1677777777778,0.0,671.3863888888889,931.5913888888889,13.129722222222222,84.01333333333334,23.999166666666667,8.7
2013-10-30,16806.735,415.17055555555555,350.46833333333336,754.9566666666667,0.6466666666666667,336.70972222222224,0.0,0.0,132.5336111111111,23.995,9.6
2013-10-31,12145.807222222222,420.81333333333333,345.7247222222222,639.3413888888889,0.0,279.6452777777778,896.4502777777778,61.91694444444445,81.27666666666667,23.987222222222222,10.8
2013-11-01,9172.145833333334,425.10611111111115,367.33805555555557,645.2219444444445,261.91277777777776,0.0,0.0,13.798333333333334,90.92722222222223,23.99638888888889,10.5
2013-11-02,9989.01,357.07166666666666,366.3688888888889,640.2508333333334,0.0,290.3038888888889,0.0,52.86222222222222,139.01527777777778,23.985277777777778,9.6
2013-11-03,15610.343333333334,400.3377777777778,358.27,804.6380555555555,0.0,284.5938888888889,929.2825,79.50472222222223,235.28444444444446,23.97888888888889,7.7
2013-11-04,14883.29,361.5375,318.5183333333333,595.0680555555556,0.0,299.2580555555556,0.0,49.849722222222226,136.46166666666667,23.990833333333335,5.8
2013-11-05,11185.153055555556,364.0058333333333,323.61333333333334,614.3702777777778,0.0,0.0,0.0,41.59388888888889,253.55416666666667,23.98888888888889,6.9
2013-11-06,9883.694166666666,360.0627777777778,359.05527777777775,618.0569444444444,0.0,0.0,930.6763888888888,16.665555555555557,183.30194444444444,23.976388888888888,9.1
2013-11-07,3476.3580555555554,157.82361111111112,131.98277777777778,342.3588888888889,0.0,321.7208333333333,0.0,0.0,1.4091666666666667,10.054166666666667,8.2
2013-11-08,16937.716111111113,306.57694444444445,1346.1325000000002,520.7425,0.43333333333333335,0.0,914.8241666666667,0.0,87.12388888888889,37.94166666666667,6.7
2013-11-09,17045.505,396.7,291.49666666666667,629.3497222222222,0.0,0.0,933.2427777777777,27.899722222222223,111.60333333333332,2558.738611111111,5.2
2013-11-10,22854.111944444445,418.32138888888886,307.1813888888889,730.4888888888888,0.06666666666666667,684.2716666666666,867.9197222222222,59.30166666666667,228.55388888888888,10390.616666666667,5.1
2013-11-11,16726.2225,410.8327777777778,331.4322222222222,714.1230555555555,0.0,0.0,0.0,18.419166666666666,125.065,6324.685555555556,10.3
2013-11-12,20144.256666666668,409.75083333333333,369.86027777777775,654.5880555555556,0.0,558.6869444444444,920.0602777777777,39.82888888888889,114.17166666666667,5481.969166666667,8.7
2013-11-13,19111.43361111111,387.63166666666666,310.29305555555555,642.6588888888889,205.46694444444444,312.42277777777775,0.0,49.32138888888889,197.65555555555557,5984.0025,6.5
2013-11-14,22890.570277777777,427.90166666666664,331.5752777777778,716.7391666666666,11.644444444444444,299.18,919.0347222222222,56.554722222222225,198.66805555555555,6004.025833333333,5.75
2013-11-15,19532.510555555556,414.0572222222222,332.12944444444446,658.7761111111112,157.5822222222222,328.3052777777778,19.919722222222223,22.855,178.01916666666668,7238.370277777778,5.0
2013-11-16,18013.260555555556,383.8388888888889,343.2863888888889,632.3625,217.40083333333334,0.0,953.4555555555555,27.515833333333333,21.465555555555557,5942.415277777778,8.5
2013-11-17,19089.23222222222,429.3155555555556,334.4455555555556,604.5463888888889,0.0,0.0,0.0,90.12305555555555,164.9988888888889,5711.186944444445,8.8
2013-11-18,15895.5425,389.9413888888889,355.2316666666667,737.1952777777778,0.0,0.005555555555555556,0.0,38.136944444444445,180.04583333333335,5520.543888888889,7.7
2013-11-19,21867.24472222222,387.94916666666666,292.565,605.6338888888889,0.5333333333333333,675.19,954.9183333333334,41.49,20.996111111111112,6027.392777777778,2.0
2013-11-20,17167.305,345.4761111111111,307.7033333333333,617.5938888888888,0.0030555555555555557,0.0,0.0,9.74638888888889,1.4491666666666667,4881.410555555555,4.4
2013-11-21,18741.064166666667,379.71972222222223,334.40833333333336,681.1680555555556,20.808611111111112,0.0,0.0,14.911111111111111,88.35972222222223,3672.610833333333,5.8
2013-11-22,21017.020833333332,388.5625,331.7077777777778,797.5480555555556,634.5980555555556,971.9227777777778,0.0,75.29333333333334,345.14416666666665,6163.861666666667,4.1
2013-11-23,20310.146944444445,384.20222222222225,306.87583333333333,637.21,0.3688888888888889,338.3536111111111,0.0,162.6288888888889,190.30055555555555,6075.4077777777775,2.4
2013-11-24,20529.12722222222,428.70944444444444,316.2158333333333,630.6647222222222,7.472222222222222,0.0,988.71,138.6275,158.52416666666667,6103.5425000000005,5.5
2013-11-25,16728.61388888889,459.7808333333333,324.2758333333333,708.8708333333333,0.0,298.9475,0.0,45.3225,208.56805555555556,6529.967777777778,3.8
2013-11-26,18666.207777777778,283.78555555555556,255.6525,576.8191666666667,0.0,313.65277777777777,0.0,0.0,188.3563888888889,2748.773611111111,3.9
2013-11-27,20305.666944444445,407.9555555555556,328.6113888888889,733.7075,341.38,687.6269444444445,971.9947222222222,54.61388888888889,184.13055555555556,5112.514166666667,9.3
2013-11-28,16865.780277777776,339.0252777777778,277.4147222222222,712.9447222222221,0.0,0.0,0.0,31.988055555555555,81.82694444444444,5159.421666666666,7.2
2013-11-29,13194.006111111112,343.52,191.24638888888887,696.0602777777777,0.0,0.0,898.0830555555556,20.336944444444445,53.99333333333333,5059.113611111111,7.8
2013-11-30,14653.598333333333,1158.1833333333334,118.64111111111112,519.5316666666666,0.0,0.0,0.0,0.0,1.4252777777777776,4991.126944444444,4.8
2013-12-01,15929.646111111111,898.8463888888889,92.25027777777777,491.5469444444444,0.0,0.0,0.0,0.0,1.4502777777777778,5016.5616666666665,6.3
2013-12-02,17465.405833333334,554.2519444444445,205.21166666666667,562.1594444444444,0.0,362.1722222222222,8.533333333333333,21.40138888888889,134.2025,4989.181666666666,6.9
2013-12-03,15774.642222222223,379.87388888888887,303.7672222222222,692.4208333333333,0.0,655.6516666666666,0.0,68.7388888888889,134.19027777777777,5017.017222222222,6.3
2013-12-04,18559.046388888888,612.6072222222222,260.2783333333333,609.8805555555555,0.0,1292.7263888888888,0.0,16.426666666666666,220.72027777777777,5025.638333333333,6.1
2013-12-05,19028.570555555554,400.96444444444444,416.94194444444446,762.8402777777777,106.99583333333334,0.0,0.0,48.037222222222226,134.355,6167.065833333333,5.7
2013-12-06,18975.23138888889,372.1325,312.31111111111113,666.1652777777778,2.9866666666666664,689.4086111111111,1011.6186111111111,0.0,214.92916666666667,4957.911944444444,4.5
2013-12-07,19907.703611111112,371.8908333333333,326.03749999999997,722.4252777777778,0.0,652.0075,0.0,49.83138888888889,45.97833333333333,7870.849166666667,7.0
2013-12-08,21156.342777777776,440.39666666666665,320.5838888888889,710.6330555555555,155.42833333333334,0.0,949.0977777777778,57.77638888888889,213.73333333333332,5038.7780555555555,8.3
2013-12-09,15374.173333333332,354.9625,343.2861111111111,645.4613888888889,0.0,0.0,0.0,8.063888888888888,110.97111111111111,5048.72,8.4
2013-12-10,19218.840555555555,415.6188888888889,327.0780555555555,800.8808333333333,0.0,0.0,984.585,15.126388888888888,100.75222222222222,5017.423611111111,6.7
2013-12-11,20605.523333333334,342.5780555555556,355.13888888888886,603.3413888888889,480.87416666666667,673.2780555555555,0.0,44.57111111111111,144.62,4978.8133333333335,4.8
2013-12-12,16827.38861111111,1251.315,319.25444444444446,609.3455555555555,0.0,0.0,957.1761111111111,2.4963888888888888,82.12027777777777,7022.860277777778,7.7
2013-12-13,11102.797777777778,945.5716666666667,342.1433333333334,566.2491666666667,0.0,0.0,0.04888888888888889,0.0,1.4922222222222223,4977.089444444445,10.4
2013-12-14,11894.043333333333,806.2975,330.4822222222222,621.3147222222223,0.0,0.0044444444444444444,0.0,0.0,1.431388888888889,5075.8550000000005,8.2
2013-12-15,12919.198055555556,317.8486111111111,348.0,509.84777777777776,0.0,0.0,0.0,0.0,33.844722222222224,5033.302777777778,10.7
2013-12-16,18505.396111111113,309.9641666666667,348.65527777777777,627.1802777777777,0.0,704.6058333333333,1489.1027777777779,46.33583333333333,119.23111111111112,4901.994722222223,10.6
2013-12-17,19918.44777777778,330.90305555555557,375.2141666666667,605.2008333333333,0.0,1638.2172222222223,0.0,0.0,121.86527777777778,6129.480833333333,5.3
2013-12-18,18474.938611111113,301.8836111111111,387.65527777777777,781.6019444444445,0.0,340.1463888888889,0.0,13.903055555555556,196.0588888888889,4979.548333333333,7.9
2013-12-19,19467.685555555556,419.0102777777778,329.21527777777777,623.5455555555556,0.0,640.2438888888889,949.5188888888889,0.0,220.47916666666669,5029.933888888889,4.9
2013-12-20,18761.6575,341.62944444444446,300.98861111111114,590.8613888888889,0.0,453.3522222222222,0.0,0.0,51.14472222222222,5047.420555555555,6.1
2013-12-21,16371.984444444444,374.87,348.2133333333333,594.2208333333333,0.0,0.0,0.0,59.35111111111111,67.1861111111111,5021.263888888889,10.1
2013-12-22,17329.359722222223,336.8333333333333,316.07666666666665,682.2313888888889,0.0,350.30555555555554,965.0127777777777,0.0,160.15944444444443,5041.754166666667,5.4
2013-12-23,22032.435833333333,498.0177777777778,326.46416666666664,675.0719444444444,503.52444444444444,326.5341666666667,0.0,0.0,34.394999999999996,5017.645277777778,8.0
2013-12-24,29663.504444444443,603.1277777777777,385.8488888888889,822.8941666666666,0.0,0.0,1855.9769444444444,0.0,20.06888888888889,4634.7155555555555,6.8
2013-12-25,34783.899722222224,547.755,312.46722222222223,858.7597222222222,0.0,0.0,1911.1222222222223,20.203333333333333,64.1825,9996.673888888889,3.5
2013-12-26,32732.15111111111,634.3430555555556,330.6452777777778,751.6055555555555,1647.0491666666667,707.0305555555556,988.5969444444444,0.0,126.98027777777777,7673.514999999999,3.7
2013-12-27,23004.199444444443,491.05611111111114,335.9122222222222,681.0255555555556,0.49777777777777776,580.8702777777778,986.66,152.11055555555555,102.60444444444444,4132.685,7.9
2013-12-28,24450.945277777777,451.13638888888886,369.44666666666666,747.8813888888889,594.7633333333333,757.0719444444444,970.2244444444444,224.3538888888889,161.39305555555555,7481.998888888889,4.4
2013-12-29,20491.130833333333,393.7763888888889,303.78583333333336,757.5086111111111,0.0,985.3525,0.0,144.03,157.14,7195.059166666667,4.2
2013-12-30,22418.940277777776,474.16055555555556,317.24305555555554,679.6447222222222,0.0,0.0,993.3311111111111,61.462777777777774,298.2366666666667,5034.785833333333,8.3
2013-12-31,19698.276944444446,415.70944444444444,346.2161111111111,650.3052777777777,0.0,331.68194444444447,938.1569444444444,160.09805555555556,280.6661111111111,8433.514166666668,6.7
2014-01-01,20905.21722222222,422.2002777777778,332.2875,812.2225,0.0,342.7375,0.0,190.71805555555557,314.1,5078.6925,8.0
2014-01-02,21385.054722222223,420.7886111111111,333.05111111111114,705.2225,264.52750000000003,750.8780555555555,954.385,32.314166666666665,166.78083333333333,5060.7202777777775,7.4
2014-01-03,19098.498055555556,383.3833333333333,342.3911111111111,771.2672222222222,722.8802777777778,354.3830555555556,0.0,45.455,183.90194444444444,5094.275833333333,7.5
2014-01-04,18739.762777777778,382.3025,328.18833333333333,632.8913888888889,0.0,338.91194444444443,961.3052777777777,88.98694444444445,226.24027777777778,4971.190555555556,5.4
2014-01-05,19585.126944444444,370.5161111111111,330.695,820.2244444444444,0.0,0.0,2.077777777777778,106.53861111111111,274.70722222222224,5043.5361111111115,5.4
2014-01-06,18795.41277777778,415.31972222222225,359.1727777777778,663.1883333333334,0.0,0.0038888888888888888,992.3008333333333,55.32805555555556,136.3461111111111,5024.994722222223,9.9
2014-01-07,19473.6975,429.40305555555557,386.07194444444445,872.6588888888889,9.20111111111111,797.1619444444444,0.0,60.812222222222225,91.33527777777778,5071.785555555555,8.6
2014-01-08,19064.215,411.35805555555555,349.48305555555555,695.4819444444445,0.12444444444444444,608.2130555555556,922.035,21.653333333333332,228.35833333333335,5059.2733333333335,8.0
2014-01-09,18718.891944444444,384.4577777777778,344.78222222222223,703.5811111111111,302.39972222222224,324.6611111111111,0.0,28.555833333333332,214.40694444444443,5015.896944444445,6.9
2014-01-10,13805.306666666667,329.9272222222222,299.37083333333334,650.5055555555556,0.0,0.0,0.0,23.31,2.7480555555555557,4968.5650000000005,5.5
2014-01-11,17367.22388888889,339.99305555555554,303.1897222222222,589.4458333333333,0.0,0.0,37.26222222222222,153.32,43.71277777777778,4985.491388888889,4.3
2014-01-12,17316.527777777777,307.69194444444446,291.0688888888889,676.6497222222222,0.0,372.5736111111111,980.0613888888889,53.507222222222225,102.63666666666667,5047.156666666667,3.1
2014-01-13,17256.67638888889,308.9511111111111,321.8186111111111,602.8866666666667,0.0016666666666666668,0.0,0.0,30.831944444444446,44.29611111111111,6075.993888888889,5.9
2014-01-14,17084.036944444444,309.99083333333334,301.28194444444443,562.1213888888889,2.1333333333333333,0.0,0.0,37.596944444444446,74.8175,6621.5408333333335,4.1
2014-01-15,13897.276111111112,338.45944444444444,324.19472222222225,611.0838888888889,0.0,0.0,0.0,24.956111111111113,20.120555555555555,6651.441388888889,8.9
2014-01-16,16486.394166666665,307.36583333333334,309.49861111111113,686.1111111111111,0.0,0.0,0.0,62.95916666666667,22.929444444444446,5071.478888888889,7.4
2014-01-17,14135.041666666666,316.8052777777778,315.61861111111114,598.7375,4.266666666666667,0.01638888888888889,0.0,0.0,72.45972222222223,4985.609166666667,6.7
2014-01-18,17494.732500000002,364.1308333333333,341.0708333333333,587.2022222222222,0.0,688.1752777777778,0.35555555555555557,108.72888888888889,117.93611111111112,5038.368888888889,7.1
2014-01-19,19054.8475,434.00388888888887,317.72277777777776,678.7236111111112,143.89055555555555,609.6286111111111,0.0,146.25972222222222,251.08888888888887,7784.24,5.8
2014-01-20,21478.79527777778,352.525,283.37916666666666,674.6911111111111,0.0,725.5861111111111,996.2372222222223,42.88305555555556,202.2836111111111,6860.700277777778,2.4
2014-01-21,18826.71138888889,316.5855555555556,326.65222222222224,601.6,0.0,470.9511111111111,0.0,37.274166666666666,195.69555555555556,5080.421944444444,3.4
2014-01-22,17220.18611111111,338.51694444444445,302.5205555555556,585.0672222222222,0.0,633.8980555555555,0.0,5.416944444444445,135.7625,3988.1702777777778,7.0
2014-01-23,20395.336944444443,414.31944444444446,315.7886111111111,593.1872222222222,0.0,1120.3,0.0,69.75861111111111,152.5913888888889,4938.0552777777775,4.6
2014-01-24,2472.1575,31.218055555555555,20.298055555555557,55.18194444444445,0.0,0.0,0.0,0.0,0.0,1.943888888888889,4.5
2014-03-06,267268.99333333335,70014.21361111112,106.8313888888889,214.555,0.0,0.0,0.0,88.88638888888889,92.73972222222223,1006.0558333333333,8.8
2014-03-07,12114.52,336.6166666666667,365.8880555555556,684.2675,31.30777777777778,0.0,1447.591388888889,0.0,16.34777777777778,5090.312777777778,9.3
2014-03-08,10517.587777777779,295.7963888888889,335.4430555555556,558.3344444444444,4.764444444444445,0.0,0.0030555555555555557,0.0,0.8969444444444444,5006.501666666667,9.5
2014-03-09,10199.386666666667,271.195,344.0525,531.4030555555556,0.0,0.0,0.0,0.0,0.8547222222222223,5026.264722222222,12.4
2014-03-10,10292.703333333333,237.05916666666667,348.8727777777778,530.0505555555555,0.0,0.0,0.0,0.0,1.9202777777777778,4968.373333333334,7.8
2014-03-11,10533.452500000001,264.4605555555556,333.27694444444444,564.6800000000001,0.0,0.0,6.826666666666667,0.0,1.4416666666666667,5066.479444444444,6.5
2014-03-12,10546.961388888889,260.4247222222222,328.0241666666667,505.7525,0.0,0.0,0.0,0.0,1.4358333333333333,5041.538611111111,5.3
2014-03-13,10762.555277777778,232.54916666666668,334.05555555555554,522.2591666666667,0.0,0.0,0.0,0.0,1.4872222222222222,5072.779166666667,6.9
2014-03-14,10717.4,268.0438888888889,329.9791666666667,514.6222222222223,0.0,0.0,0.0,0.0,1.5422222222222224,5140.713055555556,8.4
2014-03-15,10284.014722222222,247.90111111111113,343.3227777777778,531.9991666666667,0.0,0.0,0.0,0.0,1.5197222222222222,5028.761944444444,10.5
2014-03-16,10191.041111111112,266.0688888888889,354.3202777777778,556.7013888888889,0.0,0.0,0.0,0.0,1.5280555555555555,5028.916666666667,10.7
2014-03-17,10234.621111111112,276.9427777777778,365.4086111111111,542.1844444444445,0.0,0.0,0.0,0.0,1.5275,5067.148055555555,10.2
2014-03-18,12283.808888888889,291.34805555555556,364.90250000000003,531.2055555555555,0.0,0.0,0.5711111111111111,46.11194444444445,64.46944444444445,5164.27,9.3
2014-03-19,16635.87277777778,419.87,371.23,747.225,187.78361111111113,620.8052777777777,0.0,34.400555555555556,189.03833333333333,5089.0625,10.1
2014-03-20,14010.133333333333,401.3175,380.61694444444447,594.478888888889,0.0,308.6902777777778,0.0,12.876666666666667,83.92694444444444,4996.038333333334,9.5
2014-03-21,14487.544166666667,390.42305555555555,351.865,620.1280555555555,0.0044444444444444444,664.3861111111112,0.0,0.0,216.29833333333335,5130.253888888889,7.4
2014-03-22,18314.631944444445,400.4066666666667,350.34833333333336,660.5188888888889,0.0,320.43416666666667,935.2494444444444,130.46944444444443,316.05305555555555,5025.785555555556,5.6
2014-03-23,12002.558055555555,395.8813888888889,317.31222222222226,680.1069444444445,0.35555555555555557,0.0,0.0,21.877222222222223,85.02388888888889,5015.902222222222,5.3
2014-03-24,15161.879722222222,411.59027777777777,332.43972222222226,598.6002777777778,0.001388888888888889,318.2552777777778,0.09333333333333334,9.366111111111111,58.5675,5010.903333333334,5.5
2014-03-25,15263.794166666667,440.5661111111111,388.6383333333334,619.2405555555556,36.87833333333334,0.003888888888888889,986.1169444444445,26.956666666666667,186.88555555555556,5078.187777777778,6.5
2014-03-26,16511.93388888889,454.69972222222225,405.1913888888889,805.9269444444444,0.13444444444444445,655.3766666666667,0.0,0.0,337.96694444444444,5039.5375,5.0
2014-03-27,15988.96527777778,379.1480555555556,334.42583333333334,709.8233333333334,4.013333333333334,0.0,5.688888888888889,48.695,303.6566666666667,5034.090277777778,4.8
2014-03-28,13978.939444444444,361.37833333333333,358.9605555555556,603.6569444444444,17.115555555555556,327.29583333333335,964.3636111111111,9.374444444444444,54.68777777777778,5032.840277777778,7.6
2014-03-29,11362.740277777779,309.2916666666667,370.3416666666667,572.4105555555556,0.0,0.0,0.0,0.0,1.4411111111111112,5175.173333333333,10.2
2014-03-30,13285.683888888889,464.3441666666667,416.95,544.0552777777777,0.1411111111111111,0.0,2.7075,35.77027777777778,135.42833333333334,5006.460555555555,10.6
2014-03-31,13495.881944444445,401.49583333333334,403.35277777777776,711.0463888888889,1.9116666666666668,308.29777777777775,0.0,37.43333333333333,127.21888888888888,4254.942222222222,10.7
2014-04-01,13699.462222222222,390.76472222222225,408.7,680.5605555555555,231.2138888888889,308.5477777777778,0.0,30.903333333333332,238.77027777777778,3475.198888888889,12.2
2014-04-02,12504.759444444444,442.06888888888886,398.175,668.6877777777778,67.43555555555555,0.0,0.5347222222222222,0.0,242.34444444444443,4050.8713888888888,9.0
2014-04-03,15151.283055555556,419.80333333333334,367.7013888888889,760.6052777777778,65.60055555555556,313.78305555555556,955.0702777777778,11.886111111111111,217.63833333333332,4068.9455555555555,8.9
2014-04-04,14762.191388888888,468.3980555555556,401.55444444444447,709.7752777777778,172.80305555555557,294.5388888888889,39.53944444444444,48.61888888888889,188.05527777777777,4336.366111111111,10.7
2014-04-05,17236.02361111111,429.3905555555556,396.3475,644.0172222222222,0.035555555555555556,280.5788888888889,1240.0266666666666,28.394166666666667,64.28916666666667,4472.296666666667,11.4
2014-04-06,19939.94388888889,541.6105555555556,426.255,708.5544444444445,0.031111111111111114,0.0,900.2227777777778,158.69694444444445,64.28527777777778,3215.0558333333333,14.0
2014-04-07,9696.675277777778,464.05277777777775,390.0627777777778,729.1172222222223,0.0,342.0063888888889,0.03333333333333333,59.08416666666667,69.16499999999999,23.9975,12.0
2014-04-08,9905.180555555555,361.41777777777776,386.1561111111111,630.4808333333333,292.92055555555555,1170.316388888889,929.4111111111112,48.538333333333334,169.89527777777778,24.0025,8.6
2014-04-09,7662.980833333333,399.31805555555553,384.0163888888889,595.0013888888889,0.13333333333333333,0.0,0.0,49.29138888888889,64.15944444444445,23.998055555555556,10.5
2014-04-10,9609.171388888888,453.1072222222222,394.5963888888889,655.5749999999999,0.0,346.445,0.0,61.29194444444445,289.79333333333335,24.002222222222223,9.6
2014-04-11,9689.788333333334,398.04583333333335,396.08416666666665,785.7838888888889,316.37194444444447,857.0794444444444,0.0,56.3825,312.3463888888889,23.998333333333335,9.9
2014-04-12,12041.034444444445,401.26722222222224,395.1427777777778,611.0425,0.9522222222222223,0.0,963.1044444444444,86.04083333333334,169.45777777777778,24.00166666666667,9.3
2014-04-13,7911.850555555556,372.88222222222225,378.59333333333336,615.8986111111111,4.384444444444444,0.0,0.0,59.58416666666667,147.32722222222222,23.99972222222222,9.3
2014-04-14,8858.839722222223,378.0238888888889,394.7875,635.2616666666667,1.0905555555555557,0.0,0.0,11.924444444444445,213.95111111111112,23.9975,10.7
2014-04-15,9259.706944444444,371.42333333333335,364.55861111111113,739.8069444444444,2.3966666666666665,309.2297222222222,968.7016666666667,3.63,209.96944444444443,24.0025,8.6
2014-04-16,7815.462777777778,377.9791666666667,390.4711111111111,618.7747222222222,3.8244444444444445,605.1011111111111,0.0,42.510555555555555,287.48861111111114,23.999166666666667,10.2
2014-04-17,6212.761111111111,367.34444444444443,408.64666666666665,611.7313888888889,748.4558333333333,0.0,0.0,50.454166666666666,63.31472222222222,23.99861111111111,10.1
2014-04-18,4387.722777777778,289.9825,377.78416666666664,663.7594444444444,0.7111111111111111,0.0,0.0,20.65388888888889,1.548611111111111,24.00027777777778,7.6
2014-04-19,4322.917222222222,311.42777777777775,344.53749999999997,536.9391666666667,169.97944444444445,0.0,2.2066666666666666,20.355,1.493611111111111,24.0,7.2
2014-04-20,4353.275555555556,278.5388888888889,365.6502777777778,556.9555555555555,40.55083333333333,0.0,0.5911111111111111,20.372222222222224,1.483611111111111,23.99972222222222,9.7
2014-04-21,4396.178611111111,314.04555555555555,384.0441666666666,546.3616666666667,89.1661111111111,0.0,0.0,20.341944444444444,1.4755555555555555,24.0,12.1
2014-04-22,4474.613888888889,292.4175,408.2475,564.7155555555555,26.286666666666665,0.0,0.0,21.17,1.4513888888888888,24.00027777777778,11.7
2014-04-23,8935.29388888889,424.2266666666667,403.5733333333333,633.4716666666667,327.2163888888889,558.0502777777778,0.0,43.23444444444444,187.22722222222222,24.00111111111111,12.3
2014-04-24,7041.828888888889,447.2058333333333,396.3847222222222,654.7975,3.1444444444444444,578.2455555555556,0.0,41.77,90.73222222222222,23.99888888888889,11.5
2014-04-25,11183.207222222223,393.3013888888889,403.17305555555555,844.8811111111111,2.328888888888889,0.0,0.0,36.45388888888889,363.83694444444444,24.00111111111111,9.5
2014-04-26,10939.843333333332,414.3694444444444,397.1094444444444,722.4475,129.26111111111112,303.1488888888889,936.22,90.49416666666667,270.63055555555553,23.99861111111111,11.5
2014-04-27,7435.072222222222,406.9791666666667,413.9347222222222,608.2813888888888,3.7688888888888887,0.0,0.0,37.92944444444444,119.82527777777777,24.0,10.6
2014-04-28,8822.81138888889,399.9488888888889,422.38944444444445,715.7780555555555,27.964444444444442,267.12944444444446,0.0,34.827777777777776,197.88861111111112,24.00027777777778,11.6
2014-04-29,7902.95,448.7658333333333,411.77222222222224,652.5402777777778,15.248888888888889,596.9216666666666,930.7433333333333,19.529444444444444,115.98555555555555,24.0,12.5
2014-04-30,9613.815555555555,446.4766666666667,451.6644444444444,697.6269444444445,269.53027777777777,260.7294444444444,0.0,20.335833333333333,171.46027777777778,24.0,14.0
2014-05-01,7061.639722222222,414.4483333333333,436.50444444444446,631.9544444444444,1.96,0.0,0.0,124.89777777777778,34.064166666666665,23.99972222222222,10.7
2014-05-02,9088.723055555556,438.7080555555556,415.50638888888886,743.0061111111111,0.06666666666666667,284.04777777777775,906.4877777777778,50.655,321.72583333333336,24.0,8.7
2014-05-03,8237.494444444445,364.3980555555556,387.84222222222223,622.5116666666667,0.029722222222222223,0.0,0.0,90.57555555555555,32.75277777777778,24.00027777777778,8.3
2014-05-04,8719.173333333334,389.96722222222223,411.67777777777775,659.1872222222222,0.0,1363.9369444444444,0.0,147.47222222222223,4.245833333333334,24.0,12.6
2014-05-05,7910.961666666667,382.71916666666664,431.00388888888887,628.3299999999999,0.0,0.0,0.0,76.71694444444445,207.7313888888889,24.0,12.6
2014-05-06,8067.463611111111,423.75194444444446,447.7505555555556,723.9377777777778,17.04222222222222,277.3313888888889,906.7888888888889,71.30611111111111,89.67777777777778,23.999444444444446,13.5
2014-05-07,4476.438055555555,342.0686111111111,448.31,623.0538888888889,0.024999999999999998,0.0,0.0,0.0,1.4333333333333333,24.000555555555557,12.3
2014-05-08,4437.831944444444,331.7941666666667,428.8386111111111,587.5038888888889,241.16722222222222,0.0,0.0,0.0,1.4844444444444445,24.0,12.3
2014-05-09,5293.910555555555,332.2991666666667,436.41305555555556,570.3325,0.012777777777777777,4.533333333333333,0.0,0.0,71.04555555555555,23.99972222222222,12.350000000000001
2014-05-10,12718.964722222223,401.93055555555554,439.71166666666664,739.9127777777777,0.016666666666666666,0.0,0.0,0.0,249.1147222222222,24.00027777777778,12.4
2014-05-11,10094.745555555555,370.935,425.7908333333333,653.2838888888889,0.7494444444444445,0.0,0.008333333333333333,0.0,332.27416666666664,23.99972222222222,10.5
2014-05-12,8718.45388888889,399.22833333333335,447.0372222222222,647.9975,0.0,0.0,0.0,0.0,479.795,24.001944444444444,10.5
2014-05-13,7781.509722222222,366.0683333333333,429.40305555555557,656.4219444444444,0.0,0.0,0.0,27.84138888888889,66.69527777777778,23.99972222222222,10.3
2014-05-14,4526.639166666667,321.9288888888889,457.38416666666666,687.6797222222223,0.0,0.0,0.0,0.0,1.4419444444444445,23.99972222222222,12.4
2014-05-15,4523.998055555556,359.9322222222222,473.2708333333333,596.6786111111111,0.0,0.0,0.0,0.0,1.4536111111111112,23.99861111111111,14.6
2014-05-16,4527.9775,335.74444444444447,524.2852777777778,636.1316666666667,0.0,0.0,0.0,0.0,1.4455555555555555,24.0,16.6
2014-05-17,4531.189166666667,385.1622222222222,525.9627777777778,630.5386111111111,0.0,0.0,0.0,0.0,1.4169444444444443,24.0,16.8
2014-05-18,4524.938055555555,412.9247222222222,521.3072222222222,697.5922222222222,0.0,0.0,0.0,0.0,1.4358333333333333,24.0,18.0
2014-05-19,4710.239444444444,425.2786111111111,543.0269444444444,681.7363888888889,0.0,0.0,0.0,0.0,1.4,24.00166666666667,16.95
2014-05-20,4658.042777777778,403.46527777777777,513.8125,669.9575,0.0,0.0,0.0,0.0,1.4208333333333334,23.99861111111111,15.9
2014-05-21,9355.652222222223,536.4330555555556,478.2863888888889,774.5561111111111,0.0,1337.9675,0.0,36.94,262.61555555555555,24.00111111111111,14.8
2014-05-22,8602.358055555556,465.1430555555556,523.3788888888889,715.5941666666666,12.374444444444444,0.0,0.0,66.86583333333334,202.8075,24.00027777777778,12.1
2014-05-23,7420.852222222222,426.44694444444445,513.4041666666667,735.0938888888888,4.435,543.0436111111111,0.0,0.0,279.21416666666664,23.99861111111111,12.8
2014-05-24,10035.011111111111,423.28416666666664,438.21472222222224,779.4538888888889,93.5025,0.008333333333333333,923.0716666666666,103.97,227.31527777777777,24.0,11.3
2014-05-25,11385.34,426.12666666666667,469.83138888888885,732.7991666666667,0.0,519.1205555555556,0.0,98.0,145.46055555555554,24.0,13.2
2014-05-26,9349.6725,443.1661111111111,427.5261111111111,703.9761111111111,0.0,0.0,906.185,71.36361111111111,197.04722222222222,24.0,11.6
2014-05-27,7902.634444444444,367.3175,412.54333333333335,651.5244444444444,10.932777777777778,0.0,0.0,28.66138888888889,129.42055555555555,24.0,11.8
2014-05-28,10298.218333333334,387.00138888888887,400.4888888888889,751.3905555555556,35.98222222222223,265.21805555555557,0.0,78.42166666666667,290.07416666666666,24.002222222222223,11.4
2014-05-29,8275.522777777778,402.9713888888889,418.67833333333334,665.7075,24.793333333333333,509.9313888888889,0.0,58.220555555555556,224.43583333333333,23.998055555555556,11.8
2014-05-30,12409.933888888889,442.76944444444445,427.32666666666665,685.7552777777778,2.9066666666666667,296.5180555555556,906.7033333333334,90.9825,233.5186111111111,24.00138888888889,12.3
2014-05-31,9337.310833333333,429.5202777777778,438.55916666666667,843.7291666666666,9.036666666666667,0.0,0.0,271.1961111111111,16.31888888888889,23.99861111111111,13.9
2014-06-01,7504.558333333333,445.6811111111111,468.0238888888889,713.8291666666667,1.5544444444444443,257.75305555555553,0.0,133.01527777777778,91.63,24.0,15.5
2014-06-02,7131.571944444445,429.69388888888886,514.1933333333334,693.7172222222222,135.37333333333333,0.0,0.0,78.72277777777778,4.035555555555556,24.00138888888889,16.5
2014-06-03,6816.214722222222,424.63194444444446,487.76472222222225,676.9847222222222,28.51888888888889,0.0,0.0,53.44111111111111,92.27166666666666,23.99861111111111,14.8
2014-06-04,7017.831666666667,420.5363888888889,447.0913888888889,773.8655555555555,50.80305555555555,0.0,0.0,69.72222222222221,94.78888888888889,24.001666666666665,11.9
2014-06-05,5016.512222222223,385.08166666666665,478.7325,651.5280555555555,69.80388888888889,0.0,0.0,30.08388888888889,4.176944444444445,23.99861111111111,13.0
2014-06-06,6582.406111111111,441.84583333333336,516.7102777777778,672.6338888888889,69.98916666666666,0.0,0.0,86.73055555555555,21.223333333333333,24.0,14.9
2014-06-07,7542.973888888889,513.9588888888889,489.6397222222222,789.4233333333333,0.01,0.0,0.0,74.5911111111111,64.04027777777777,23.99972222222222,15.7
2014-06-08,11304.618888888888,474.19944444444445,502.7891666666667,697.1444444444444,4.017777777777778,434.7325,0.0,25.470277777777778,61.62305555555555,24.0,17.1
2014-06-09,7613.793888888889,472.77555555555557,570.5786111111112,773.0591666666667,5.86,0.0,0.0,81.20777777777778,6.785277777777778,23.99972222222222,17.7
2014-06-10,8596.573611111111,472.06166666666667,567.9455555555555,719.2752777777778,0.5499999999999999,0.0,0.0,92.67,1.4141666666666666,24.00027777777778,17.5
2014-06-11,7096.326944444444,467.9036111111111,520.0627777777778,819.55,0.33694444444444444,677.0550000000001,0.0,55.68833333333333,197.01666666666668,24.0,16.2
2014-06-12,9542.380555555555,489.2391666666667,518.8225,738.7458333333333,73.43722222222222,942.5580555555556,0.0,38.510555555555555,297.15472222222223,24.001944444444444,17.5
2014-06-13,7027.3694444444445,574.4127777777778,542.7755555555556,782.0736111111112,29.215555555555557,0.0,0.0,0.0,247.62027777777777,23.998333333333335,17.9
2014-06-14,7859.104166666667,493.69083333333333,521.7883333333333,849.1058333333334,32.221111111111114,0.0,1121.2186111111112,0.0,139.03861111111112,24.00166666666667,17.5
2014-06-15,11679.864166666666,514.6091666666666,476.1097222222222,733.9394444444445,0.0,0.0,0.0,106.37333333333333,273.31305555555554,23.998333333333335,14.9
2014-06-16,6152.098333333333,495.005,477.2438888888889,710.9236111111111,0.27555555555555555,0.0,0.0,45.69861111111111,177.24027777777778,23.999444444444446,14.7
2014-06-17,7265.227222222222,449.0461111111111,506.1275,688.5786111111111,0.0,254.51416666666668,846.92,0.0,154.34194444444444,24.001944444444444,15.2
2014-06-18,10161.863611111112,530.3094444444445,495.18333333333334,872.6788888888889,1.92,232.67972222222224,0.0,29.066666666666666,263.6511111111111,24.0,17.9
2014-06-19,8470.4025,498.79583333333335,623.5980555555556,772.8566666666667,0.017777777777777778,229.8113888888889,0.0,36.6325,273.96305555555557,23.999166666666667,16.2
2014-06-20,8374.160277777777,505.0155555555556,524.9011111111112,774.8938888888889,0.0,54.24138888888889,848.3658333333334,0.0,209.57111111111112,24.00027777777778,17.8
2014-06-21,9438.147222222222,464.9708333333333,491.27388888888885,826.6886111111111,0.5333333333333333,215.74138888888888,0.0,130.64027777777778,95.15472222222222,23.99861111111111,16.6
2014-06-22,12364.791111111112,518.2705555555556,514.6866666666666,756.7794444444444,0.0,763.0530555555555,844.6361111111111,94.87527777777778,206.91861111111112,24.0,18.4
2014-06-23,11727.191944444445,578.7175,495.09222222222223,785.7544444444444,22.15111111111111,0.0,0.0,18.696944444444444,355.665,24.00027777777778,18.6
2014-06-24,7078.097777777778,546.7936111111111,531.9427777777778,871.5594444444445,5.226666666666667,0.0,0.0,61.03916666666667,273.66305555555556,24.00138888888889,16.5
2014-06-25,7080.814444444444,478.63472222222225,492.00722222222225,744.6222222222223,207.58444444444444,197.43083333333334,0.0,40.24027777777778,233.54222222222222,24.00027777777778,15.9
2014-06-26,8444.274166666666,481.4266666666667,532.9691666666666,722.0769444444444,189.4386111111111,395.9711111111111,844.3211111111111,104.27333333333333,172.00416666666666,23.99888888888889,15.3
2014-06-27,8239.748333333333,524.3305555555555,482.08944444444444,819.4766666666667,109.11166666666666,198.99972222222223,0.0,60.16777777777778,390.3283333333333,23.999166666666667,13.5
2014-06-28,7887.068333333334,455.365,461.4313888888889,701.9461111111111,358.4197222222222,0.5688888888888889,0.0,48.751666666666665,190.49388888888888,23.99972222222222,12.6
2014-06-29,10027.646111111111,485.3975,489.8794444444444,647.8541666666666,0.5433333333333333,432.2372222222222,0.0,93.11944444444444,163.05944444444444,24.0,13.0
2014-06-30,8680.847222222223,432.00888888888886,500.4411111111111,656.9497222222222,34.27055555555555,0.0825,870.9166666666666,97.33666666666666,178.42416666666665,24.0,14.9
2014-07-01,8439.343888888889,498.2936111111111,476.3877777777778,789.2425,268.8519444444444,632.3797222222222,0.0,43.6425,320.0486111111111,24.00027777777778,15.5
2014-07-02,8504.584444444445,517.4669444444444,495.9713888888889,694.5488888888889,1.4297222222222221,224.165,0.0,23.165,359.23555555555555,23.99972222222222,17.3
2014-07-03,7906.462222222222,581.3344444444444,519.5766666666666,697.1922222222222,0.0,208.23,0.0,25.749444444444446,286.84166666666664,24.0,18.8
2014-07-04,8408.022777777778,520.1011111111111,530.5138888888889,943.9805555555555,0.0,0.0,840.4661111111111,26.809444444444445,386.76666666666665,24.0,18.2
2014-07-05,6315.270277777778,473.17555555555555,557.2733333333333,729.0755555555555,0.0,0.0,0.0,0.0,55.592777777777776,24.001666666666665,17.3
2014-07-06,9559.281111111111,572.9452777777777,506.07444444444445,765.8233333333333,125.92222222222222,636.5780555555556,0.0,61.6875,334.3591666666667,23.99861111111111,15.8
2014-07-07,7497.385555555556,721.1088888888888,671.4325,871.3883333333333,11.555555555555555,0.0,0.0,17.961111111111112,197.79777777777778,24.00111111111111,15.2
2014-07-08,9075.61611111111,522.2383333333333,512.8975,784.5075,1.0666666666666667,0.0,821.8558333333333,61.910555555555554,117.01166666666667,23.99888888888889,14.9
2014-07-09,8310.822777777777,477.06416666666667,552.2363888888889,771.2777777777777,4.315277777777777,187.29333333333332,0.0,34.28333333333333,92.37555555555555,24.0,16.9
2014-07-10,8425.360833333334,519.0869444444445,528.1869444444444,858.1933333333333,324.03444444444443,204.8338888888889,0.0,44.12638888888889,146.3811111111111,24.000833333333333,17.9
2014-07-11,9192.395277777778,565.4005555555556,527.1027777777778,832.3375,565.3916666666667,203.5925,824.2325,0.0,213.76444444444445,23.99888888888889,17.8
2014-07-12,6045.046666666666,508.6688888888889,547.0813888888889,816.7244444444444,0.0,186.68472222222223,0.0,0.0,143.5938888888889,24.00027777777778,18.0
2014-07-13,8379.695,598.8688888888888,523.9438888888889,852.3947222222222,0.06666666666666667,0.0,0.0,124.20916666666666,75.36111111111111,23.662777777777777,18.2
2014-07-14,9006.904444444444,590.9991666666666,514.0166666666667,848.3338888888889,0.0,201.80083333333334,0.0,38.42,119.54444444444444,24.337222222222223,16.9
2014-07-15,7725.616111111111,519.0016666666667,572.9747222222222,733.5255555555556,0.0,0.0,821.7913888888888,9.079166666666666,59.57805555555556,24.0,17.8
2014-07-16,8531.928055555556,561.0491666666667,538.3669444444445,763.53,232.1136111111111,1410.2727777777777,0.0,93.77194444444444,78.89666666666666,24.0,18.8
2014-07-17,8121.168055555556,618.5630555555556,554.2758333333334,935.7427777777777,1.8311111111111111,365.9038888888889,0.0,45.564166666666665,93.44555555555556,24.000555555555554,19.8
2014-07-18,7149.887222222223,611.2058333333333,582.0205555555556,767.6311111111111,194.3375,0.05527777777777777,0.0,46.163333333333334,217.06444444444443,23.999444444444443,21.2
2014-07-19,9588.1475,627.7330555555556,549.8,818.8155555555555,0.03111111111111111,0.0,796.8063888888889,120.45027777777777,105.55472222222222,24.00138888888889,19.6
2014-07-20,7607.354444444444,638.6583333333333,548.2847222222222,972.9563888888889,0.049999999999999996,0.0,0.0,0.0,127.52722222222222,23.99861111111111,20.3
2014-07-21,8229.045555555556,709.4897222222222,648.3141666666667,966.3772222222223,0.14166666666666666,170.34861111111113,0.0,31.39638888888889,199.31416666666667,24.0,19.7
2014-07-22,8595.56138888889,525.3222222222222,504.80333333333334,823.4438888888889,0.0,0.0,805.99,259.4794444444444,186.78194444444443,24.0,19.0
2014-07-23,8278.640555555556,602.4022222222222,548.7697222222222,915.6866666666666,17.066111111111113,158.825,0.0,66.5736111111111,124.47083333333333,24.0,19.7
2014-07-24,8979.568888888889,673.1733333333333,542.9569444444444,831.4941666666666,0.0,0.0,0.0,32.660555555555554,111.21416666666667,24.00111111111111,19.8
2014-07-25,11332.3875,840.8569444444445,578.58,908.0469444444444,204.46638888888887,344.2638888888889,835.0327777777778,0.0,154.05305555555555,23.99888888888889,20.1
2014-07-26,9770.608888888888,621.9933333333333,576.4816666666667,938.9027777777777,0.0,0.0,760.7880555555555,14.777222222222223,20.00777777777778,23.99972222222222,19.4
2014-07-27,13014.972777777777,697.2388888888889,549.4461111111111,849.7011111111111,0.0,483.605,753.165,48.60638888888889,71.81111111111112,24.00138888888889,18.7
2014-07-28,7884.424722222222,588.3077777777778,546.5436111111111,879.3761111111111,0.0,0.39999999999999997,0.0,40.62,210.79888888888888,23.99861111111111,17.8
2014-07-29,7939.591666666666,549.0725,593.8827777777777,813.9322222222222,0.0,0.0,0.0,52.2675,223.85333333333332,23.999444444444443,17.8
2014-07-30,7457.932777777778,569.6183333333333,521.1288888888889,857.1775,179.31972222222223,177.43166666666667,0.0,37.16833333333334,230.96972222222223,24.000555555555554,17.5
2014-07-31,8612.051666666666,570.5722222222222,507.71916666666664,872.2941666666667,200.65166666666667,169.40083333333334,817.973888888889,65.40277777777779,228.17472222222221,24.0025,18.3
2014-08-01,6122.317222222222,372.86833333333334,735.6022222222223,1054.3527777777779,0.0,201.60333333333332,0.0,0.0,45.69583333333333,23.987222222222222,17.950000000000003
2014-08-02,5181.3,229.77583333333334,845.1811111111111,1277.0152777777778,0.0,0.0,0.0,0.0,0.0,24.010555555555555,17.6
2014-08-03,6149.4944444444445,457.4266666666667,547.9486111111111,700.151111111111,0.0,0.0,0.0,0.0,32.17611111111111,24.0,17.2
2014-08-04,8263.071944444444,534.1911111111111,500.50888888888886,839.5063888888889,0.0,595.6713888888888,0.0,59.68194444444444,211.97916666666666,24.0,17.7
2014-08-05,8408.177777777777,553.13,491.69388888888886,757.6038888888888,47.42527777777778,200.2886111111111,0.0,49.96138888888889,242.41583333333332,24.00111111111111,18.5
2014-08-06,10338.18638888889,568.9180555555555,538.6469444444444,735.0038888888888,126.96972222222222,210.95555555555555,0.0,66.59527777777778,192.07055555555556,23.99861111111111,19.3
2014-08-07,7301.107222222222,536.3388888888888,555.5016666666667,865.7744444444444,2.55,0.0,808.395,54.906666666666666,12.375,24.0,17.9
2014-08-08,7508.995277777778,530.0188888888889,578.9772222222222,764.2197222222222,5.9255555555555555,0.0,0.0,123.55916666666667,23.064722222222223,24.00027777777778,17.8
2014-08-09,10062.499444444444,537.4072222222222,538.2044444444444,761.9913888888889,0.5333333333333333,211.35277777777776,0.0,134.44305555555556,44.45861111111111,23.99972222222222,17.3
2014-08-10,8386.818611111112,513.9833333333333,469.64888888888885,817.2527777777777,10.731111111111112,0.0,0.0,214.72472222222223,21.883055555555554,23.99972222222222,14.6
2014-08-11,7190.0875,563.1661111111111,506.49333333333334,774.0169444444444,0.9441666666666666,1.0666666666666667,0.0,45.8875,228.73777777777778,24.00027777777778,16.2
2014-08-12,8897.429444444444,505.5,484.62111111111113,777.8161111111111,471.0925,632.8866666666667,0.0,60.79277777777778,305.82194444444445,24.00138888888889,15.2
2014-08-13,7524.832222222222,564.3030555555555,489.42305555555555,742.9055555555556,419.0788888888889,234.37805555555556,0.0,45.184444444444445,228.62333333333333,23.99861111111111,15.4
2014-08-14,10249.575277777778,485.4313888888889,475.30027777777775,924.5988888888888,211.73805555555555,201.46694444444444,0.0,73.00027777777778,195.16277777777776,24.00027777777778,15.350000000000001
2014-08-15,11363.308888888889,551.0277777777777,454.6011111111111,738.3333333333333,0.0,0.0,860.4347222222223,0.0,201.50194444444443,23.99972222222222,15.3
2014-08-16,8739.136388888888,499.22527777777776,447.8669444444444,695.4225,0.0,186.8186111111111,822.8647222222222,78.715,187.05555555555554,24.0,14.7
2014-08-17,9517.761111111111,429.6066666666667,471.47249999999997,813.4725,135.70138888888889,0.0,0.0,36.52777777777778,96.69333333333333,24.0,15.3
2014-08-18,7085.155555555556,446.10583333333335,470.90055555555557,674.8513888888889,0.0,189.8136111111111,0.0,41.63888888888889,327.5180555555556,24.0025,14.3
2014-08-19,8892.253888888888,444.18416666666667,462.77222222222224,686.4730555555556,225.0247222222222,219.67361111111111,860.9205555555556,77.20527777777778,321.27222222222224,23.997777777777777,12.8
2014-08-20,8104.009444444444,443.09472222222223,442.7675,838.776111111111,0.7344444444444443,218.3661111111111,0.0,66.795,298.7088888888889,24.00138888888889,12.0
2014-08-21,6307.491388888889,436.63388888888886,444.65472222222223,668.1197222222222,0.0,227.47583333333333,0.0,0.0,66.44722222222222,23.99833333333333,12.7
2014-08-22,7691.205555555555,447.79055555555556,465.3641666666667,683.3855555555555,0.0,0.0,0.0,0.0,367.4288888888889,24.000555555555554,13.3
2014-08-23,10244.878333333334,436.20916666666665,455.87916666666666,662.9188888888889,149.07166666666666,424.3588888888889,895.3863888888889,68.0275,163.75222222222223,23.99972222222222,11.8
2014-08-24,9116.83861111111,454.61527777777775,463.1647222222222,776.4569444444444,111.96527777777777,0.0,0.0,50.92805555555555,63.193888888888885,24.0,13.3
2014-08-25,10158.44638888889,402.6972222222222,514.7680555555555,659.3061111111111,0.0,0.6666666666666666,0.0,93.47833333333334,278.78694444444443,23.99972222222222,13.3
2014-08-26,9782.699444444444,414.3933333333333,481.52916666666664,684.1969444444444,0.0,219.64083333333335,874.5711111111111,111.38222222222223,99.70277777777778,24.00027777777778,14.6
2014-08-27,8851.369444444445,438.2436111111111,457.98555555555555,737.6994444444445,152.95388888888888,631.4047222222222,0.0,63.76916666666666,324.5002777777778,24.00027777777778,14.3
2014-08-28,9378.459444444445,441.7686111111111,505.9247222222222,689.2252777777777,0.0,0.0,0.0,111.02,365.28833333333336,23.99972222222222,17.3
2014-08-29,7278.725277777778,424.50055555555554,479.97833333333335,667.7916666666666,0.0,418.7269444444444,836.6519444444444,0.0,80.0075,23.99972222222222,16.0
2014-08-30,2121.2075,167.7686111111111,204.12027777777777,302.1094444444444,0.0,0.0,0.0,0.0,1.4472222222222222,11.018055555555556,15.6
2014-09-01,1932.933611111111,4682.990555555556,2941.3141666666666,4683.6675,0.0,0.0,0.0,7.375277777777778,56.95527777777778,60.98444444444444,15.9
2014-09-02,7933.9766666666665,446.7033333333333,472.21194444444444,693.2163888888889,169.0638888888889,0.0,0.0,31.577222222222222,189.05333333333334,24.0,15.0
2014-09-03,7645.590277777777,423.6347222222222,510.0738888888889,696.9911111111111,427.3963888888889,488.7552777777778,0.0,0.0,341.3983333333333,23.99972222222222,16.8
2014-09-04,7011.964166666667,442.5413888888889,487.93444444444447,756.4869444444445,0.0,193.10333333333332,0.0,8.900555555555556,307.49444444444447,23.998055555555556,15.8
2014-09-05,9632.654722222222,541.475,491.955,677.4758333333333,90.9113888888889,0.0,842.2430555555555,20.458333333333332,367.3977777777778,24.00111111111111,16.1
2014-09-06,7515.008611111111,527.1905555555555,488.5419444444444,663.2830555555555,0.1288888888888889,0.0,0.0,44.81305555555556,305.165,23.997222222222224,15.7
2014-09-07,10612.269722222221,1389.5919444444444,111.47416666666666,248.89305555555555,0.0,0.0,0.0,97.31611111111111,512.3575,24.003333333333334,13.9
2014-09-08,9493.675833333333,407.9527777777778,421.9061111111111,659.9883333333333,192.18361111111113,1054.9183333333333,849.4058333333334,20.729444444444443,222.00055555555556,23.998333333333335,13.6
2014-09-09,7634.751388888889,415.2058333333333,443.7536111111111,675.96,0.0,620.9386111111111,0.0,29.106944444444444,385.1427777777778,24.0,14.9
2014-09-10,9407.814444444444,438.7438888888889,446.7922222222222,673.8022222222222,8.8,433.7816666666667,0.0,37.335,322.82,24.00138888888889,15.2
2014-09-11,7934.089444444445,414.8569444444444,449.095,761.5083333333333,0.0,449.97055555555556,0.0,48.18138888888889,205.01194444444445,23.99861111111111,14.5
2014-09-12,10136.285277777777,463.24916666666667,481.4872222222222,761.7858333333334,233.18277777777777,403.31,884.8866666666667,44.785555555555554,353.88638888888886,23.99972222222222,14.5
2014-09-13,7077.915555555555,459.2294444444444,516.3511111111111,684.4436111111111,0.008333333333333333,57.003055555555555,0.0,44.53666666666667,211.43166666666667,24.00138888888889,14.8
2014-09-14,9083.039444444445,444.14972222222224,468.3858333333333,761.1752777777778,1.3133333333333332,0.0,0.0,139.85888888888888,102.31833333333333,23.99888888888889,15.1
2014-09-15,6301.089444444445,453.6672222222222,473.4561111111111,684.4322222222222,5.478888888888889,0.0,0.0,6.654722222222222,115.75833333333333,24.0,15.7
2014-09-16,13031.17,505.08,456.28666666666663,836.5088888888888,199.00166666666667,203.06472222222223,840.1127777777778,139.21833333333333,270.55527777777775,24.0,15.9
2014-09-17,8571.29611111111,536.1497222222222,523.3988888888889,848.8991666666666,0.0,210.0338888888889,0.0,19.693055555555556,62.90694444444444,24.0,16.3
2014-09-18,10839.969722222222,465.46805555555557,487.75138888888887,767.1163888888889,123.69888888888889,482.5494444444444,0.0,80.77305555555556,203.41722222222222,23.99972222222222,17.5
2014-09-19,10003.186666666666,471.41305555555556,464.67583333333334,739.5675,428.0855555555556,224.5838888888889,0.0,63.018055555555556,297.40555555555557,24.000555555555554,15.9
2014-09-20,8941.513333333332,402.6836111111111,468.0772222222222,687.8236111111111,108.90027777777777,66.92222222222222,853.6413888888889,0.0,49.344166666666666,24.0,15.7
2014-09-21,10844.173888888889,434.1638888888889,437.3516666666667,799.2569444444445,0.0,434.48777777777775,0.0,108.98472222222222,186.81972222222223,24.0,13.0
2014-09-22,8030.168333333333,456.4486111111111,413.4011111111111,678.4927777777777,0.0,0.0,0.0,65.46861111111112,234.335,24.00027777777778,12.2
2014-09-23,9773.584166666667,421.99805555555554,440.0736111111111,710.8697222222222,228.28583333333333,0.0,891.7513888888889,77.73861111111111,326.8927777777778,23.99972222222222,13.6
2014-09-24,9405.835277777778,426.6972222222222,420.8877777777778,781.2980555555555,285.2608333333333,438.47777777777776,0.0,56.400555555555556,270.8436111111111,24.0,13.6
2014-09-25,10023.43611111111,397.4563888888889,428.62361111111113,677.4897222222222,127.99305555555556,487.0833333333333,0.0,17.58361111111111,235.34944444444446,24.00027777777778,13.6
2014-09-26,7544.365277777778,412.45944444444444,461.0861111111111,666.7202777777777,0.008888888888888889,238.47,840.5422222222222,24.765,19.673055555555557,24.0,16.5
2014-09-27,4602.759722222222,364.5208333333333,440.8936111111111,680.3847222222222,0.0,0.0,0.0,0.0,1.4088888888888889,23.99972222222222,13.5
2014-09-28,4711.404444444444,369.32722222222225,468.6744444444444,754.5805555555555,0.0,0.3888888888888889,0.0,0.0,1.4805555555555556,24.0,17.8
2014-09-29,4704.627777777778,381.8147222222222,446.05444444444447,699.8619444444445,0.0,0.596111111111111,0.0,0.0,1.4005555555555556,24.0,17.1
2014-09-30,4736.917222222222,368.4458333333333,454.7138888888889,679.9952777777778,0.0,35.449444444444445,0.0,0.0,1.4344444444444444,24.0,16.4
2014-10-01,4758.776666666667,375.1625,449.1511111111111,710.6133333333333,0.0,263.70472222222224,0.0,0.0,1.4555555555555555,4.956111111111111,16.0
2014-10-02,4707.386944444444,366.3688888888889,445.1933333333333,678.3527777777778,0.0,972.9069444444444,0.0,0.0,1.42,23.99972222222222,14.1
2014-10-03,4676.103055555555,367.8047222222222,436.9288888888889,649.6197222222222,0.0,253.74555555555554,0.0,0.0,1.4425000000000001,23.999166666666667,16.0
2014-10-04,4534.6475,311.4211111111111,378.68861111111113,625.9058333333334,0.0,5.293333333333333,0.0,0.0,1.4419444444444445,24.0,12.5
2014-10-05,4506.060277777778,310.2897222222222,380.5513888888889,650.1438888888889,0.0,14.495555555555555,0.0,0.0,1.4397222222222223,23.999166666666667,9.9
2014-10-06,4606.860555555556,319.31444444444446,379.39222222222224,592.2066666666666,0.0,754.0088888888889,0.0,0.0,1.4316666666666666,11.893611111111111,10.6
2014-10-07,7575.616388888889,359.01916666666665,394.6247222222222,622.6977777777778,0.0,450.32666666666665,0.0,20.2,77.22666666666666,23.99888888888889,9.1
2014-10-08,9062.262777777778,431.99861111111113,391.6825,666.9838888888888,170.45472222222222,1025.3169444444445,0.0,85.47944444444444,230.3736111111111,24.00027777777778,10.2
2014-10-09,10405.881111111112,402.5136111111111,385.6122222222222,780.7441666666666,0.0,783.583611111111,0.0,64.0,278.39194444444445,24.000555555555554,11.8
2014-10-10,10128.305555555555,413.64944444444444,373.0477777777778,702.666111111111,0.0,1.7733333333333334,0.0,27.74388888888889,253.49694444444444,24.0,12.2
2014-10-11,9097.545277777777,382.39972222222224,377.93833333333333,727.155,0.0,0.0,923.3627777777778,58.12083333333333,183.15194444444444,23.99972222222222,10.6
2014-10-12,11848.881111111112,390.3661111111111,384.09055555555557,784.2172222222222,307.64944444444444,760.5058333333334,0.0,124.98583333333333,199.04444444444445,4.444444444444445,10.899999999999999
2014-10-13,10275.679444444444,408.7133333333333,378.93666666666667,677.3924999999999,0.0,0.0,0.0,41.53527777777778,249.32416666666666,23.998333333333335,11.2
2014-10-14,9157.969166666666,359.62638888888887,382.75083333333333,649.7297222222222,0.0,550.8711111111111,0.0,95.84527777777778,107.33694444444444,24.000555555555554,11.2
2014-10-15,7049.2733333333335,387.00166666666667,384.9361111111111,643.5749999999999,4.530555555555556,1.191111111111111,0.0,125.06666666666666,16.640555555555554,24.000555555555554,12.3
2014-10-16,9284.809722222222,428.29805555555555,403.99583333333334,779.9469444444444,0.4444444444444444,256.7452777777778,1229.9394444444445,24.213333333333335,312.865,24.00027777777778,13.7
2014-10-17,8943.566666666668,495.2077777777778,432.4191666666666,933.1505555555556,191.70166666666665,254.83083333333335,0.0,0.0,147.32888888888888,23.999444444444443,15.4
2014-10-18,8625.440277777778,451.8438888888889,479.2622222222222,842.8527777777778,0.0,248.35722222222222,0.0,158.99694444444444,195.60333333333332,23.999166666666667,15.65
2014-10-19,12812.209166666667,408.22833333333335,437.8877777777778,819.7852777777778,1.44,480.1738888888889,919.6397222222222,137.09666666666666,263.6247222222222,24.000555555555554,15.9
2014-10-20,9923.051388888889,429.10583333333335,429.5547222222222,233.43888888888887,0.43333333333333335,0.015555555555555555,0.0,31.246666666666666,198.82527777777779,24.000833333333333,13.0
2014-10-21,9969.99138888889,428.0422222222222,403.9138888888889,996.0977777777778,0.035,0.0,0.0,0.0,176.45,23.99888888888889,10.1
2014-10-22,9033.676111111112,396.28249999999997,371.2763888888889,716.1222222222221,0.0,291.4522222222222,0.0,12.83611111111111,82.84694444444445,24.000555555555554,10.0
2014-10-23,11584.158611111112,433.37361111111113,412.23249999999996,650.2058333333333,0.0,18.7275,0.0,26.182222222222222,122.63416666666667,23.888333333333332,13.3
2014-10-24,9467.019166666667,458.80527777777775,390.1588888888889,691.6211111111111,0.0,265.6797222222222,909.0558333333333,5.891111111111111,361.63138888888886,23.99972222222222,13.1
2014-10-25,8708.301666666666,385.83944444444444,335.9602777777778,726.4877777777778,0.06222222222222222,272.4213888888889,0.0,38.2875,148.6886111111111,24.00111111111111,10.9
2014-10-26,10978.186944444444,423.2127777777778,395.3025,733.3761111111111,0.0,253.24666666666667,0.0,112.6725,144.80166666666668,23.99861111111111,12.8
2014-10-27,13.05,0.0,0.0,0.0,0.0,0.0,0.0,0.0,0.0,0.08527777777777777,14.8
2014-10-28,10885.84638888889,205.92416666666665,171.89111111111112,293.9769444444444,0.0,0.0,0.0,0.0,149.85333333333332,47.914722222222224,15.2
2014-10-29,10075.205833333333,442.19666666666666,381.9663888888889,666.4588888888889,0.0,52.41,892.9866666666667,63.74861111111111,285.38972222222225,24.000833333333333,10.1
2014-10-30,8679.753055555555,414.8375,415.2808333333333,646.5222222222222,0.0,288.0077777777778,0.0,0.0,190.25472222222223,23.99972222222222,14.8
2014-10-31,10223.179166666667,544.3208333333333,451.94416666666666,805.1094444444444,317.94388888888886,248.8763888888889,0.0,0.0,317.63444444444445,24.000555555555554,16.9
2014-11-01,9571.133333333333,422.9786111111111,375.74805555555554,731.5933333333332,0.0,269.0675,913.4977777777777,66.27944444444445,93.44027777777778,23.99972222222222,14.4
2014-11-02,9988.782222222222,467.0702777777778,412.5022222222222,656.4597222222222,0.0,19.34611111111111,0.0,79.78277777777778,208.05944444444444,23.999166666666667,12.6
2014-11-03,11406.1425,438.2886111111111,407.8125,776.8238888888889,0.0,276.8125,0.0,0.0,218.01222222222222,24.00138888888889,8.8
2014-11-04,8683.789444444445,412.5125,342.31527777777774,662.1838888888889,0.0,341.78805555555556,0.0,0.0,153.79444444444445,23.999166666666667,5.3
2014-11-05,8357.430277777778,363.87888888888887,327.45166666666665,633.7636111111111,1.2277777777777779,292.43361111111113,934.9447222222223,0.0,175.36444444444444,23.953888888888887,6.0
2014-11-06,8192.543333333333,365.8594444444444,326.6277777777778,643.0688888888889,0.0,301.8802777777778,0.0,0.0,254.9125,23.965,7.0
2014-11-07,7143.618888888889,363.50666666666666,346.92,743.6683333333333,85.58,283.11611111111114,868.1177777777777,0.0,98.09694444444445,23.488888888888887,10.0
2014-11-08,4432.588333333333,308.59805555555556,334.40805555555556,600.5691666666667,0.0,0.0,0.0,0.0,1.5105555555555554,24.000555555555554,9.1
2014-11-09,5827.295555555555,308.01444444444445,324.12305555555554,589.4497222222222,0.3861111111111111,0.0,0.0,23.446666666666665,20.509722222222223,23.999166666666667,7.8
2014-11-10,6323.929444444444,221.54305555555555,155.275,429.8038888888889,0.0,0.0,0.0,47.77388888888889,250.88861111111112,24.000833333333333,9.4
2014-11-11,9981.861666666666,471.96722222222223,372.41527777777776,923.1263888888889,0.0,0.0,0.0,8.589166666666667,321.30055555555555,23.99888888888889,11.0
2014-11-12,8321.186666666666,400.1588888888889,392.30916666666667,722.6113888888889,0.0,574.4238888888889,0.0,120.5838888888889,279.65972222222223,24.00027777777778,10.7
2014-11-13,9092.549166666666,416.1975,349.9791666666667,667.4438888888889,0.0,305.53777777777776,926.9002777777778,40.92638888888889,114.42916666666666,23.999444444444443,11.3
2014-11-14,9337.428333333333,440.79555555555555,409.06916666666666,827.9647222222222,0.0,635.8588888888888,0.0,20.5875,356.13055555555553,24.0,10.7
2014-11-15,8207.03638888889,378.1719444444444,392.5233333333333,669.2527777777777,150.89694444444444,0.18138888888888888,0.0,112.4075,22.986944444444443,24.000833333333333,9.649999999999999
2014-11-16,8953.156666666666,405.1663888888889,355.8597222222222,682.0716666666666,0.0,313.0811111111111,0.0,65.75833333333333,185.50416666666666,24.000555555555554,9.649999999999999
2014-11-17,8125.881111111111,387.30833333333334,345.70138888888886,764.4319444444444,0.0,89.36194444444445,0.0,0.0,46.20388888888889,19.56,9.649999999999999
2014-11-18,12441.554444444444,361.46166666666664,345.0,685.9738888888888,198.5561111111111,282.59194444444444,950.7191666666666,20.91027777777778,228.88611111111112,0.0,8.6
2014-11-19,8406.05388888889,461.3688888888889,346.66833333333335,683.103611111111,0.0,590.805,0.0,0.0,109.14861111111111,0.0,8.0
2014-11-20,9638.048333333334,412.3672222222222,336.2861111111111,733.9813888888889,0.0,0.009166666666666667,0.07583333333333334,26.89361111111111,222.41027777777776,8.540555555555555,6.4
2014-11-21,10463.207222222221,373.09027777777777,315.9458333333333,728.3997222222222,0.0,301.12805555555553,946.7222222222222,29.888055555555557,76.89805555555556,23.99972222222222,7.2
2014-11-22,7989.3825,387.98,368.06333333333333,671.5916666666666,0.0,45.51111111111111,0.0,20.648055555555555,24.5475,24.000833333333333,11.3
2014-11-23,12936.863611111112,393.0958333333333,373.27916666666664,699.988611111111,0.0,386.73083333333335,0.0077777777777777776,184.78555555555556,203.29305555555555,23.999444444444443,7.0
2014-11-24,12226.736111111111,408.2919444444444,286.65972222222223,745.3927777777777,0.0,1046.1130555555555,945.1080555555556,39.22277777777778,225.25305555555556,24.000555555555554,3.4
2014-11-25,14201.671388888888,355.45694444444445,368.69694444444445,704.343611111111,0.0,0.0,0.0,0.0,113.26611111111112,3671.083888888889,2.2
2014-11-26,12685.876388888888,359.42833333333334,346.7941666666667,681.7008333333333,0.42500000000000004,0.015277777777777777,0.0,117.61222222222221,183.43777777777777,1614.3452777777777,7.2
2014-11-27,11851.3825,380.3855555555555,333.1094444444444,701.9972222222221,0.0,391.5394444444444,0.0,41.94444444444444,258.79777777777775,919.0822222222222,7.6
2014-11-28,11025.510277777777,415.84027777777777,402.1094444444444,1096.4058333333332,5.351111111111111,314.7705555555556,934.3116666666666,65.14888888888889,236.85805555555555,248.51722222222222,9.5
2014-11-29,9921.631666666666,413.8747222222222,370.39916666666664,760.3313888888889,165.18416666666667,305.5227777777778,0.0,12.34388888888889,144.23111111111112,24.000555555555554,9.8
2014-11-30,12745.092222222222,398.99305555555554,375.23583333333335,790.4030555555555,0.0,304.96222222222224,0.0,84.12777777777778,245.19972222222222,2053.9066666666668,9.8
2014-12-01,12874.898888888889,422.2411111111111,345.9911111111111,714.0308333333332,0.56,0.33055555555555555,936.3680555555555,50.47638888888889,240.20583333333335,62.025555555555556,7.4
2014-12-02,12682.26611111111,432.0908333333333,406.16166666666663,713.6408333333333,0.0,606.588611111111,0.0,46.84166666666667,302.0469444444444,681.8825,6.1
2014-12-03,12432.933611111112,347.4125,323.3563888888889,638.0741666666667,1.8488888888888888,390.02555555555557,939.6433333333333,65.92416666666666,43.21194444444444,2526.0505555555555,4.0
2014-12-04,4951.6425,323.07916666666665,297.66305555555556,681.9383333333333,0.0,0.0,0.0,0.0,1.481111111111111,24.00027777777778,4.5
2014-12-05,4921.889166666667,280.9161111111111,278.15194444444444,585.8838888888889,1.8488888888888888,0.0,0.0,0.0,1.5016666666666667,24.00111111111111,3.6
2014-12-06,4921.13,291.3280555555556,271.32388888888886,590.4575,0.0,0.0,0.0,0.0,1.482222222222222,23.99972222222222,2.8
2014-12-07,4808.0297222222225,273.78833333333336,293.52777777777777,574.9466666666666,0.0,0.0,0.0,0.0,1.4752777777777777,24.000555555555554,6.2
2014-12-08,5032.293055555556,308.49944444444446,268.4775,614.7336111111111,0.0,0.0,0.0,0.0,1.5405555555555555,23.99972222222222,3.0
2014-12-09,5038.0986111111115,292.29555555555555,275.93555555555554,597.8822222222223,0.0,0.0,0.0,0.0,1.5352777777777777,23.999444444444443,4.9
2014-12-10,4877.7425,279.09583333333336,294.60583333333335,577.0055555555556,0.0,0.0,0.0,0.0,1.5022222222222221,24.00027777777778,6.3
2014-12-11,9388.250277777777,354.3672222222222,298.7027777777778,720.3166666666666,0.0,0.0,0.0,216.6475,57.58583333333333,23.99888888888889,5.5
2014-12-12,9638.013611111111,370.5886111111111,305.9530555555555,636.2783333333333,171.20583333333332,1110.0122222222221,0.0,72.22694444444444,162.9088888888889,67.55361111111111,4.4
2014-12-13,16780.65722222222,380.4997222222222,282.23083333333335,666.2788888888889,0.0,1019.7280555555556,0.0,37.52916666666667,107.29833333333333,4608.406944444444,2.3
2014-12-14,21289.700555555555,378.44888888888886,329.93083333333334,656.3305555555555,0.13333333333333333,0.0,987.4025,123.48472222222222,110.08611111111111,4937.887777777778,6.0
2014-12-15,14256.428055555556,388.37916666666666,329.84166666666664,734.3288888888889,0.0019444444444444444,543.4166666666666,0.0,0.0,115.74333333333334,3204.0158333333334,5.2
2014-12-16,17579.988055555554,422.0469444444444,357.0058333333333,959.4097222222222,1.8199999999999998,0.0,0.0,46.12277777777778,226.89111111111112,4158.839166666667,5.3
2014-12-17,14746.916944444445,384.6513888888889,361.39166666666665,675.6866666666666,0.9263888888888889,0.0,0.0,93.59861111111111,233.96694444444444,2630.6216666666664,10.6
2014-12-18,6996.507777777778,194.51472222222222,170.07472222222222,288.09055555555557,0.0,0.0,969.4027777777777,0.0,29.52888888888889,1074.5691666666667,12.7
2014-12-19,6011.274166666667,288.57666666666665,197.96,385.25916666666666,168.16055555555556,337.81,0.0,0.0,46.215555555555554,13.358055555555556,7.6
2014-12-20,23778.12888888889,505.0025,332.18416666666667,942.5733333333333,0.0,0.0,919.4408333333333,37.797777777777775,139.58444444444444,6424.346666666666,7.1
2014-12-21,22358.155555555557,521.4313888888889,351.91166666666663,877.7824999999999,8.376111111111111,641.3927777777777,954.4747222222222,97.35055555555556,357.0388888888889,5267.851944444445,9.0
2014-12-22,18950.776388888888,496.71777777777777,394.0925,757.8702777777778,0.26222222222222225,330.84805555555556,901.0627777777778,0.0,134.23583333333335,3828.6880555555554,12.5
2014-12-23,18215.858888888888,559.7355555555555,428.9888888888889,690.365,0.0,298.67805555555555,0.0,16.308888888888887,63.79611111111111,3535.6080555555554,11.3
2014-12-24,23727.468055555557,517.8538888888888,400.81,859.1308333333333,0.8533333333333334,0.0,985.8277777777778,38.76305555555555,163.30527777777777,4008.132777777778,6.8
2014-12-25,36070.44888888889,592.4288888888889,354.30916666666667,833.7716666666666,0.0,0.0,1850.3238888888889,17.163055555555555,90.17555555555556,9739.002222222221,4.4
2014-12-26,20673.41083333333,582.0405555555556,336.14194444444445,737.1775,0.0,0.0,1795.3997222222222,93.10722222222222,59.946666666666665,23.934166666666666,2.85
2014-12-27,16639.166944444445,450.6019444444444,336.62388888888887,644.6566666666666,0.0,1288.9827777777778,992.5177777777777,171.97166666666666,241.52444444444444,23.960833333333333,1.3
2014-12-28,15783.182777777778,403.6188888888889,291.8152777777778,835.7163888888889,381.39416666666665,1004.3922222222222,0.0077777777777777776,109.0725,355.49833333333333,23.98472222222222,-0.1
2014-12-29,17387.313611111113,379.85055555555556,277.51166666666666,660.5347222222222,0.0,741.79,991.8938888888889,71.23138888888889,109.96,23.984166666666667,0.3
2014-12-30,13508.45388888889,371.0127777777778,282.90666666666664,833.8163888888888,0.0,792.8774999999999,0.0,188.48888888888888,134.1886111111111,24.0,1.2
2014-12-31,10576.87611111111,325.82972222222224,278.6333333333333,723.1230555555555,4.977777777777778,0.0,973.9933333333333,10.904166666666667,18.08861111111111,23.994166666666665,3.6
2015-01-01,7435.748611111111,299.69638888888886,319.70166666666665,608.98,0.0,0.0,0.0,0.0,2.093611111111111,23.986944444444443,10.5
2015-01-02,6874.993333333333,284.7158333333333,315.17527777777775,586.4172222222222,0.0,0.0,0.0,0.0,1.4813888888888889,23.983333333333334,7.1
2015-01-03,7704.121388888889,283.2033333333333,282.8688888888889,598.1591666666667,0.0,0.0,0.0,0.0,1.4616666666666667,23.996388888888887,3.2
2015-01-04,8255.386944444444,280.94555555555553,279.6430555555555,688.8941666666666,0.0,0.0,0.0,0.0,1.4680555555555554,23.985277777777778,0.4
2015-01-05,10185.0675,364.46416666666664,308.5933333333333,624.2238888888888,0.0,0.011944444444444445,0.0,99.69027777777778,23.545833333333334,23.9975,6.6
2015-01-06,13268.971111111112,389.7286111111111,323.7055555555555,698.2802777777778,0.0,762.2866666666666,0.0,42.613055555555555,176.88972222222222,23.994722222222222,6.7
2015-01-07,12550.101666666667,384.3286111111111,294.1638888888889,741.0191666666666,0.6533333333333333,564.8425,1.991111111111111,138.05777777777777,126.48666666666666,23.612222222222222,6.5
2015-01-08,11488.400833333333,381.1741666666667,334.77777777777777,652.0613888888888,0.0,340.7683333333333,0.0,96.86861111111111,114.98333333333333,27.968888888888888,7.7
2015-01-09,12825.089722222223,387.51416666666665,353.2494444444444,646.7516666666667,0.0,344.91083333333336,1017.7036111111111,72.0911111111111,211.25055555555556,24.499444444444443,11.3
2015-01-10,12794.608888888888,382.15777777777777,399.31638888888887,689.3083333333333,0.0,0.0,0.0,120.20361111111112,163.5211111111111,23.989444444444445,8.6
2015-01-11,15562.29361111111,423.4861111111111,314.87027777777774,739.3841666666666,517.3525,694.2180555555556,0.0,215.55666666666667,199.79,23.985555555555557,5.7
2015-01-12,11708.243611111111,386.16249999999997,333.0447222222222,689.036111111111,0.0,0.009722222222222222,978.5283333333333,89.1536111111111,142.79472222222222,23.999166666666667,8.5
2015-01-13,13319.95361111111,415.62638888888887,316.0544444444444,725.3255555555555,0.0,1039.1558333333332,0.0,39.12083333333333,154.92027777777778,23.996388888888887,4.7
2015-01-14,16187.8775,528.9455555555555,301.39444444444445,787.4666666666666,0.0,347.45722222222224,0.0038888888888888888,197.38305555555556,227.93055555555554,23.99,3.4
2015-01-15,11709.775833333333,367.16527777777776,354.6188888888889,643.0019444444445,0.0,423.78305555555556,974.7175,167.43416666666667,137.57472222222222,23.994722222222222,6.5
2015-01-16,10624.261944444444,442.45666666666665,274.59027777777777,651.4833333333333,0.0,0.0,0.0,211.47944444444443,62.742222222222225,23.99138888888889,3.3
2015-01-17,9420.674444444445,571.2727777777777,280.4763888888889,589.3430555555556,0.0,0.0,0.0,57.41722222222222,4.191388888888889,23.995833333333334,2.5
2015-01-18,11916.664444444445,341.68833333333333,287.63,769.7486111111111,0.05333333333333334,0.0,0.0,279.9919444444444,30.732777777777777,23.986666666666668,1.4
2015-01-19,11747.693333333333,385.38694444444445,274.76916666666665,674.2952777777778,0.0,0.0,0.0,58.67027777777778,212.1263888888889,23.985555555555557,0.2
2015-01-20,14945.931666666667,336.9947222222222,303.57166666666666,688.8555555555555,0.7538888888888888,1276.8741666666667,0.0,102.18444444444444,75.955,23.997222222222224,0.8
2015-01-21,17268.557777777776,383.07055555555553,343.9147222222222,768.5188888888889,0.0,0.8630555555555556,0.0,149.79638888888888,212.5886111111111,23.995,2.1
2015-01-22,14347.956666666667,413.0538888888889,300.6041666666667,714.1316666666667,0.0,1064.858888888889,1000.0461111111111,86.65027777777777,171.61388888888888,23.996944444444445,2.3
2015-01-23,14637.407777777778,377.68611111111113,290.215,650.0330555555555,499.1911111111111,765.1883333333333,0.0,203.11694444444444,141.85722222222222,24.23111111111111,2.2
2015-01-24,15528.361111111111,434.68916666666667,314.97416666666663,652.1963888888888,0.0016666666666666668,0.0,983.8025,172.0427777777778,66.09138888888889,23.983888888888888,3.7
2015-01-25,17392.196944444444,479.9511111111111,309.91416666666663,740.926111111111,0.03611111111111111,0.0,1048.3425,0.0,72.49972222222222,23.988333333333333,5.8
2015-01-26,13019.667777777777,392.99,326.30027777777775,646.3675,0.0,0.0,980.1044444444444,247.52194444444444,226.63666666666666,23.989444444444445,7.2
2015-01-27,12644.803333333333,400.5438888888889,291.28555555555556,680.2333333333333,0.9991666666666666,338.0825,0.0,112.57138888888889,278.1047222222222,23.99388888888889,6.1
2015-01-28,9710.236944444445,371.0652777777778,321.68,616.0588888888889,0.03111111111111111,0.01583333333333333,957.3880555555555,78.25611111111111,121.24277777777777,23.993333333333332,5.4
2015-01-29,12489.275555555556,348.57166666666666,326.8177777777778,704.9591666666666,0.0,391.1697222222222,0.0,122.45027777777777,149.96472222222224,22.028055555555554,1.6
2015-01-30,12778.28611111111,404.75444444444446,362.9522222222222,632.9499999999999,0.0,723.0888888888888,0.0,111.13333333333333,205.87777777777777,23.997222222222224,1.7
2015-01-31,13431.643055555556,332.0538888888889,285.45,596.8169444444444,0.0,0.0,1010.0905555555555,166.16611111111112,137.84333333333333,23.999166666666667,2.8
2015-02-01,15292.930555555555,411.29583333333335,371.0444444444444,717.5875,0.0,756.1491666666667,0.0,130.5361111111111,326.66555555555556,23.988888888888887,2.2
2015-02-02,13435.334444444445,347.5908333333333,290.86583333333334,641.8375,0.0,2.006666666666667,0.0,80.01138888888889,206.05638888888888,23.996388888888887,-0.5
2015-02-03,13202.371388888889,346.95222222222225,230.90194444444444,609.896111111111,0.0,0.0,1014.6336111111111,47.78277777777778,190.8538888888889,23.99888888888889,1.4
2015-02-04,13141.192777777778,292.16805555555555,197.38916666666665,645.0727777777778,0.0,0.0016666666666666668,0.0,124.05666666666667,157.31083333333333,23.988055555555555,2.0
2015-02-05,12386.057222222222,373.9941666666667,228.40027777777777,749.6163888888889,0.0,386.5075,0.05333333333333334,141.1625,229.17333333333335,23.99361111111111,1.9
2015-02-06,15943.003888888888,327.34222222222223,294.9977777777778,737.281111111111,677.4386111111111,1054.7758333333334,1011.8263888888889,198.94805555555556,5.493888888888889,23.99972222222222,1.1
2015-02-07,12319.813055555556,359.8958333333333,294.865,664.2838888888889,0.0,0.0,0.0,98.44611111111111,180.08,23.991666666666667,2.4
2015-02-08,51753.74555555556,329.7211111111111,264.0808333333333,811.7772222222222,0.0,7065.981944444445,1004.6761111111111,67.9175,57.71111111111111,23.967777777777776,1.9
2015-02-09,11852.261388888888,383.8261111111111,319.63444444444445,779.0925,0.0,0.0,0.0,117.285,149.06222222222223,23.995,4.9
2015-02-10,13632.428333333333,377.73527777777775,305.0938888888889,655.6316666666667,0.0,0.0,0.0,223.6125,251.19361111111112,23.996944444444445,3.1
2015-02-11,11576.853055555555,398.3572222222222,316.5830555555556,662.0166666666667,0.0,0.0,1025.3380555555555,0.0,121.80722222222222,23.994166666666665,3.9
2015-02-12,12174.732777777777,393.02222222222224,312.49527777777774,695.6716666666666,0.0,363.59833333333336,3.982222222222222,113.20805555555556,287.4244444444444,23.996388888888887,3.8
2015-02-13,14008.998333333333,390.3852777777778,349.92833333333334,654.9594444444444,0.0,713.5183333333333,0.0,238.07527777777779,202.17277777777778,23.99222222222222,5.7
2015-02-14,10368.986666666666,440.1455555555556,350.34694444444443,584.31,0.0,368.81583333333333,967.5219444444444,0.0,143.8986111111111,23.998333333333335,6.5
2015-02-15,15151.24888888889,360.64194444444445,365.7525,615.42,0.0,364.4575,0.0,277.5275,195.72861111111112,23.987777777777776,5.8
2015-02-16,10500.051388888889,390.7247222222222,321.0491666666667,747.6374999999999,0.0,0.0,0.0,118.03694444444444,40.85333333333333,23.9875,5.5
2015-02-17,11355.455833333333,408.2675,312.6086111111111,621.8472222222222,0.0,329.05083333333334,972.4580555555556,0.0,81.45388888888888,23.99388888888889,4.3
2015-02-18,10046.03638888889,271.15666666666664,253.27305555555554,461.45944444444444,0.0,591.7608333333334,0.0,50.07611111111111,77.21861111111112,23.999166666666667,7.1
2015-02-19,11880.96388888889,415.85527777777776,333.7183333333333,642.213611111111,0.0,0.003611111111111111,0.0,191.1447222222222,160.2902777777778,23.98472222222222,7.0
2015-02-20,18912.002777777776,470.52777777777777,334.0997222222222,758.6686111111111,0.0,340.9347222222222,961.4369444444444,242.33527777777778,120.99444444444444,71.23777777777778,4.3
2015-02-21,19432.914444444443,422.9633333333333,406.05083333333334,881.6825,0.0,1305.6847222222223,747.4122222222222,177.12027777777777,286.7991666666667,4996.908888888889,3.0
2015-02-22,18540.330555555556,403.56138888888887,369.4433333333333,675.6622222222222,0.0,0.0,0.0,133.95027777777779,257.2366666666667,4648.63,3.5
2015-02-23,19908.364444444444,411.04305555555555,333.5225,739.8605555555555,0.49777777777777776,1705.0738888888889,1002.8155555555555,200.85,247.16944444444445,5027.5841666666665,4.6
2015-02-24,17592.658333333333,413.3386111111111,333.2438888888889,793.7847222222222,0.0,0.0,0.0,116.48861111111111,178.00916666666666,5099.554166666667,5.2
2015-02-25,17128.644444444446,435.2655555555555,422.3025,632.3141666666667,0.0,682.1811111111111,0.0,252.47694444444446,90.22972222222222,4900.489722222223,7.4
2015-02-26,20532.614166666666,469.25166666666667,355.52,747.0016666666667,0.0,0.0,994.0566666666666,36.431666666666665,59.2275,9780.489444444444,7.5
2015-02-27,20672.595833333333,297.3802777777778,290.6691666666667,571.6297222222222,0.0,0.0,0.0,0.0,1.4783333333333333,17087.755,4.7
2015-02-28,14496.372222222222,548.9441666666667,327.18583333333333,534.8777777777777,0.0,0.0,0.0,0.0,1.4972222222222222,10394.89388888889,8.3
2015-03-01,16478.61,407.5708333333333,318.93333333333334,600.6722222222222,0.0,0.0,0.0,5.873611111111111,1.468611111111111,12144.374166666666,6.5
2015-03-02,24794.019166666665,445.44944444444445,318.0575,773.755,0.0,357.55305555555555,0.0,119.52361111111111,219.57111111111112,11411.659444444444,4.0
2015-03-03,28975.03722222222,363.3327777777778,329.54583333333335,680.2327777777778,918.4175,1241.3419444444444,0.0,221.43444444444444,215.2902777777778,14546.020833333334,4.5
2015-03-04,26706.203611111112,391.62638888888887,443.5847222222222,642.9008333333333,0.0,704.7133333333334,0.48777777777777775,291.7011111111111,246.78916666666666,13288.958888888888,5.2
2015-03-05,18238.22,383.95972222222224,328.19166666666666,659.1416666666667,0.0,396.6452777777778,981.2227777777778,135.74194444444444,92.74722222222222,5685.704166666666,6.1
2015-03-06,9531.76,1489.221388888889,376.8047222222222,680.0113888888889,3.982222222222222,0.0,1468.7322222222222,0.0,1.4705555555555556,5696.873611111111,8.8
2015-03-07,8011.804444444444,303.5375,342.6747222222222,570.7269444444444,0.16333333333333333,5.9111111111111105,0.0,0.0,1.5205555555555554,4941.44,10.3
2015-03-08,8030.676666666666,288.75666666666666,336.23583333333335,680.6058333333333,0.1322222222222222,0.0,0.0,0.0,1.4955555555555555,3829.4905555555556,7.4
2015-03-09,9210.0,205.1002777777778,301.63666666666666,752.2202777777777,3.4133333333333336,0.0,0.0,0.0,1.448611111111111,6808.6241666666665,5.8
2015-03-10,9115.9225,232.58638888888888,299.4375,840.7661111111111,0.0,0.0,0.0,0.0,0.8386111111111111,4954.985277777778,6.5
2015-03-11,9265.511944444444,231.50333333333333,307.1036111111111,510.25916666666666,15.11111111111111,0.0,0.0,0.0,0.8733333333333333,5170.416388888889,7.5
2015-03-12,7771.585277777777,239.09,338.09777777777776,501.2697222222222,0.0,0.0,0.0,0.0,0.6994444444444444,3567.6047222222223,10.7
2015-03-13,7545.940555555556,233.37527777777777,332.5469444444444,508.89416666666665,0.0,0.0,0.0,0.0,4.665277777777778,3348.2644444444445,6.9
2015-03-14,8794.26861111111,226.18277777777777,306.75305555555553,495.7594444444444,0.015555555555555555,0.0,0.0,0.0,38.72694444444444,4681.086111111111,4.8
2015-03-15,6391.865,96.46222222222222,126.24583333333332,247.0872222222222,0.0,0.0,0.0,0.0,0.8486111111111111,4716.408611111111,5.5
2015-03-16,1380.923611111111,64.39666666666666,100.12638888888888,153.83416666666668,0.0,0.0,0.0,0.0,0.0,7.722222222222222,5.7
2015-03-17,9039.608888888888,231.03333333333333,309.4838888888889,480.6383333333333,0.5711111111111111,0.0038888888888888888,0.0,0.0,1.2622222222222221,4887.698611111111,5.0
2015-03-18,9140.10638888889,231.12166666666667,307.38166666666666,520.4880555555555,3.982222222222222,0.06222222222222222,0.0,0.0,0.034444444444444444,4981.838333333333,5.1
2015-03-19,8775.278055555555,224.82638888888889,297.61027777777775,492.09499999999997,0.0,0.0,0.0,0.0,0.0,4616.288333333333,5.4
2015-03-20,10810.515555555556,239.87555555555556,320.2572222222222,554.7366666666667,0.0,3.1805555555555554,0.0,62.059444444444445,58.596944444444446,4897.158611111111,7.4
2015-03-21,14475.597777777777,401.1286111111111,347.68277777777774,759.9663888888889,0.0,931.605,0.0,229.545,81.17527777777778,4067.7805555555556,6.8
2015-03-22,7138.060555555556,149.945,102.78222222222222,206.54638888888888,0.0,555.7275,0.0,0.0,26.424166666666668,4034.2866666666664,6.2
2015-03-24,3403.8480555555557,3869.3925,130.48888888888888,313.74305555555554,0.0,0.0,0.0,75.35166666666666,132.3011111111111,8.614722222222222,4.7
2015-03-25,18128.65,403.275,359.68583333333333,963.4077777777777,0.12444444444444444,681.4894444444444,0.0,121.31305555555555,266.9116666666667,6046.217777777778,5.0
2015-03-26,15100.47,363.45972222222224,347.74555555555554,753.8591666666666,0.17333333333333334,679.8472222222222,0.0,114.125,192.39555555555555,4331.957222222222,6.6
2015-03-27,15666.890555555556,364.90749999999997,355.0913888888889,721.5138888888889,0.0,0.0,960.1666666666666,140.13944444444445,77.81416666666667,4762.0175,6.9
2015-03-28,14428.4425,399.6561111111111,385.8858333333333,657.5708333333333,0.0,0.0,0.0,146.72055555555556,329.5158333333333,3492.2122222222224,10.5
2015-03-29,18542.87777777778,374.3938888888889,373.6511111111111,650.48,0.0,0.0,0.0,187.89888888888888,342.1197222222222,3252.430277777778,8.7
2015-03-30,15346.842777777778,394.01472222222225,402.2236111111111,635.0377777777777,0.0,311.6147222222222,972.9561111111111,138.11638888888888,262.31194444444446,3675.442777777778,6.9
2015-03-31,2917.132222222222,61.25277777777777,77.31861111111111,117.86,0.0,0.0,0.0,0.0,34.97555555555556,1291.11,7.6
2015-04-01,14201.5825,117.62111111111112,1838.8686111111112,2693.7427777777775,1.6711111111111112,0.0,0.0,54.11555555555556,1748.283888888889,43.576388888888886,6.3
2015-04-02,17216.12416666667,398.6327777777778,397.2369444444445,647.9147222222223,0.0,302.0677777777778,969.625,86.0825,171.43472222222223,5079.458888888889,7.8
2015-04-03,948.2916666666666,5.885833333333333,33.80833333333333,33.233888888888885,0.0,0.0,0.0,0.0,8.795,669.4686111111112,9.4
2015-04-07,9430.409444444444,227.8411111111111,229.66472222222222,388.0883333333333,0.0,1317.0791666666667,0.0,176.68,68.20444444444445,871.2030555555556,10.6
2015-04-08,12718.567222222222,401.1022222222222,386.4602777777778,758.6088888888888,0.0,333.7661111111111,0.0,136.16333333333333,194.51666666666668,4536.050833333334,10.5
2015-04-09,12334.50111111111,418.37583333333333,396.27722222222224,650.0947222222222,0.0,302.7297222222222,0.0,63.400277777777774,278.29805555555555,3489.8972222222224,11.7
2015-04-10,12698.885833333334,393.70972222222224,397.01388888888886,626.1319444444445,0.0,0.9955555555555555,985.4811111111111,99.88055555555556,134.95111111111112,3313.3322222222223,13.8
2015-04-11,9167.201944444445,356.12694444444446,390.1894444444444,632.7972222222222,0.0,0.0,0.0,14.051944444444445,89.72666666666666,3099.0227777777777,10.1
2015-04-12,15355.959166666666,408.09916666666663,377.41055555555556,785.2022222222222,0.0,911.6305555555556,0.0,48.17583333333333,189.18305555555557,5354.8425,7.8
2015-04-13,13899.811944444444,390.8255555555555,367.25305555555553,657.1836111111111,0.0,408.19083333333333,0.0,33.60583333333334,152.3372222222222,4970.524444444444,8.5
2015-04-14,11369.389444444445,457.6488888888889,331.94416666666666,707.3277777777778,0.0,280.275,972.0725,116.42722222222223,167.70388888888888,2015.0002777777777,13.7
2015-04-15,11822.185277777779,415.2133333333333,426.3413888888889,941.5080555555555,0.0,1246.0805555555555,0.0,229.69722222222222,172.93277777777777,1768.5436111111112,11.8
2015-04-16,9109.266666666666,420.5961111111111,434.1222222222222,704.2969444444444,0.0,0.0,0.0,268.1838888888889,152.5588888888889,1211.6658333333332,10.5
2015-04-17,7916.701666666667,464.3438888888889,442.90749999999997,683.4805555555555,0.0,0.0,940.7972222222222,191.40055555555554,102.39111111111112,307.16527777777776,9.1
2015-04-18,12499.717222222222,433.9552777777778,388.2022222222222,755.7636111111111,0.17777777777777778,926.8305555555555,940.4869444444445,588.2311111111111,1.4580555555555554,23.997777777777777,8.3
2015-04-19,7966.359444444444,377.8311111111111,375.5175,628.1227777777777,0.0,0.0,0.0,94.95944444444444,144.39916666666667,23.98777777777778,7.6
2015-04-20,10620.478611111112,382.80805555555554,373.3955555555555,684.4480555555555,0.0,1562.7655555555555,0.0,64.13527777777777,62.7575,87.11833333333334,8.2
2015-04-21,12694.52861111111,525.6563888888888,396.45944444444444,643.6741666666667,0.0,0.0,957.5702777777777,88.32444444444444,6.811388888888889,23.999444444444443,10.5
2015-04-22,14540.518055555556,447.6513888888889,448.87333333333333,730.9472222222222,0.0,0.0,921.5119444444445,3.232222222222222,7.473333333333334,46.7375,10.3
2015-04-23,12912.862222222222,748.3725,435.4813888888889,755.0658333333333,0.0,0.0,936.0402777777778,105.51166666666667,0.711111111111111,23.999444444444443,10.8
2015-04-24,8115.194166666666,445.11305555555555,456.0963888888889,639.2605555555556,0.0,0.0,920.7080555555556,112.8825,138.62166666666667,23.997777777777777,12.8
2015-04-25,10172.1275,452.1613888888889,451.8302777777778,677.9494444444445,360.89722222222224,1165.7816666666668,0.0,124.32055555555556,240.07861111111112,23.9975,11.9
2015-04-26,7321.5675,371.1022222222222,422.93305555555554,716.2616666666667,0.0,0.0,918.6286111111111,0.0,138.24416666666667,23.990833333333335,8.6
2015-04-27,10815.74111111111,396.96777777777777,373.2711111111111,633.6641666666667,0.0,927.4088888888889,0.0,156.47,178.8477777777778,23.99138888888889,6.4
2015-04-28,7933.939444444444,428.6452777777778,430.06555555555553,765.1066666666667,0.0,0.0,0.0,129.9961111111111,153.39555555555555,23.9975,7.8
2015-04-29,8690.907222222222,424.7711111111111,402.9480555555555,721.0861111111111,0.0,275.99083333333334,943.0419444444444,74.21777777777778,221.41166666666666,23.607777777777777,8.8
2015-04-30,8867.084444444445,519.8722222222223,398.97999999999996,653.6844444444445,0.0,0.0,0.0,126.16305555555556,169.21833333333333,23.998055555555556,8.3
2015-05-01,8570.995,393.37555555555554,383.3358333333333,641.671111111111,0.0,295.1338888888889,0.0,126.67833333333333,178.50222222222223,23.98472222222222,6.4
2015-05-02,10976.955277777777,434.7525,381.68777777777774,666.3866666666667,0.0,0.028888888888888888,0.0,144.1352777777778,141.54416666666665,23.990833333333335,7.0
2015-05-03,11646.465833333334,425.0752777777778,418.7888888888889,728.1808333333333,0.0,0.0,938.8627777777778,161.99027777777778,342.3052777777778,23.983333333333334,12.6
2015-05-04,10883.896666666667,444.57944444444445,481.3347222222222,688.7916666666666,0.0,853.1202777777778,0.0,64.85805555555555,120.70055555555555,23.990277777777777,13.1
2015-05-05,10335.015277777778,445.37555555555554,488.5752777777778,664.5369444444444,0.0,255.9061111111111,920.9252777777778,200.6172222222222,221.02583333333334,23.994166666666665,12.3
2015-05-06,7240.809722222222,426.90416666666664,441.8386111111111,786.6713888888888,0.0,0.0,0.0,30.40111111111111,152.47361111111113,23.994722222222222,9.8
2015-05-07,8081.684166666667,405.25638888888886,414.13194444444446,692.6125,0.0,270.09749999999997,0.0,7.421944444444445,103.6763888888889,23.9925,9.4
2015-05-08,9296.406944444445,448.74083333333334,414.84527777777777,659.1872222222222,0.0,557.1063888888889,0.0,166.2875,216.08555555555554,23.995833333333334,10.8
2015-05-09,7512.538611111111,399.58416666666665,420.3636111111111,721.5602777777777,0.0,0.0,919.0563888888888,106.30388888888889,58.34916666666667,25.6925,11.1
2015-05-10,7773.738055555556,432.79777777777775,429.68416666666667,742.333611111111,0.0,0.0,0.0,179.74277777777777,37.57,23.593888888888888,12.5
2015-05-19,3363.555,123.07305555555556,158.3372222222222,237.98333333333332,0.0,0.0,0.0,115.2525,68.55583333333334,8.826666666666666,8.8
2015-05-20,8912.601666666667,390.1772222222222,407.1191666666667,643.1333333333333,0.0,1353.1469444444444,0.0,111.50305555555555,183.92055555555555,24.0,9.4
2015-05-21,8357.632222222222,477.93666666666667,450.6219444444444,773.1,0.0,536.4336111111111,0.0,65.86444444444444,126.35777777777778,23.998055555555556,12.8
2015-05-22,8483.738055555556,476.64416666666665,452.19055555555553,671.5602777777777,0.0,281.6675,0.0,92.73444444444445,133.32694444444445,24.0,14.7
2015-05-23,7636.811944444445,438.49861111111113,481.55833333333334,657.8197222222221,0.0,262.54055555555556,898.8094444444445,68.89333333333333,195.5075,23.98472222222222,13.1
2015-05-24,2217.5872222222224,172.81305555555556,172.08305555555555,288.67083333333335,0.0,0.0,0.0,0.0,51.05388888888889,10.156944444444445,12.8
2015-05-26,3299.5316666666668,218.29444444444445,245.52555555555554,395.61777777777775,0.0,0.0,0.0,37.93055555555556,68.60833333333333,11.836388888888889,12.0
2015-05-27,7175.971111111111,407.15666666666664,440.03777777777776,698.4133333333333,16.56888888888889,538.0411111111111,0.0,87.57111111111111,211.04222222222222,23.99972222222222,11.6
2015-05-28,9589.618055555555,513.3877777777777,444.76444444444445,936.9327777777777,0.0,488.51916666666665,899.3305555555555,21.665555555555557,152.54527777777778,23.996388888888887,11.8
2015-05-29,8915.155,485.61805555555554,431.96555555555557,613.7497222222222,0.0,0.0,0.0,26.811944444444443,23.459166666666665,23.98638888888889,10.2
2015-05-30,8767.371111111112,405.3411111111111,452.0497222222222,630.3275,0.0,0.0,916.7755555555556,0.0,1.4591666666666665,23.993333333333332,11.3
2015-05-31,12274.421666666667,466.06888888888886,439.14416666666665,740.5569444444444,0.0,504.53527777777776,837.5747222222222,33.74194444444444,144.03555555555556,23.98361111111111,11.8
2015-06-01,8276.6125,421.25,437.9347222222222,721.5124999999999,0.0,262.9888888888889,0.0,95.29138888888889,131.4802777777778,23.977777777777778,10.1
2015-06-02,9695.800833333333,462.4733333333333,456.5888888888889,633.7580555555555,1.7777777777777777,267.975,892.4488888888889,81.41555555555556,126.8638888888889,23.99361111111111,15.1
2015-06-03,7438.799166666667,447.6425,451.83666666666664,700.6483333333333,0.0375,217.28277777777777,0.0,0.0,223.62972222222223,23.990277777777777,13.9
2015-06-04,7535.5905555555555,490.6075,476.5025,824.2952777777778,0.0,0.0,0.0,30.921944444444446,120.35055555555556,23.991666666666667,15.5
2015-06-05,7112.055,495.71222222222224,505.9238888888889,793.9713888888889,0.0,0.0,926.2675,59.98083333333333,104.82,23.914444444444445,15.9
2015-06-06,12420.416944444445,476.43277777777774,465.37,678.1019444444444,220.88944444444445,1303.5530555555556,0.0,48.40222222222222,179.4636111111111,23.98472222222222,13.1
2015-06-07,8167.948333333333,459.44916666666666,443.7675,686.7588888888888,0.0,0.0,0.0,37.99611111111111,116.60638888888889,23.98361111111111,12.6
2015-06-08,10072.203055555556,410.6980555555555,449.3877777777778,662.2969444444444,0.0,0.0,877.4813888888889,160.0363888888889,177.8738888888889,23.994166666666665,10.8
2015-06-09,7720.947777777777,384.43694444444446,405.71472222222224,719.4138888888889,0.0,0.0,0.0,126.38472222222222,168.01916666666668,24.00138888888889,10.1
2015-06-10,2780.458611111111,202.5286111111111,215.18416666666667,325.8886111111111,0.0,0.0,0.0,0.0,38.527499999999996,13.119722222222222,10.8
2015-06-18,4537.823611111111,372.0188888888889,9167.588333333333,13054.259444444444,0.0,2.9866666666666664,0.0077777777777777776,0.0019444444444444444,1.4383333333333332,202.68055555555554,13.9
2015-06-19,4839.747777777778,369.65999999999997,476.7947222222222,631.9433333333333,0.9955555555555555,0.0,0.0,0.0,1.478888888888889,23.988611111111112,13.1
2015-06-20,4766.058888888889,360.93361111111113,502.15194444444444,677.5319444444444,0.011111111111111112,0.0,0.0,0.0,1.5208333333333333,23.995,15.5
2015-06-21,4733.784722222222,364.5627777777778,526.7483333333333,611.2280555555556,0.0,0.022222222222222223,0.0,0.0,1.4744444444444444,23.968055555555555,14.8
2015-06-22,4792.449444444444,368.5686111111111,513.9486111111111,629.9544444444444,0.0,0.0,0.0,0.0,1.4361111111111111,23.993055555555554,12.5
2015-06-23,4805.621388888889,370.0233333333333,529.3377777777778,627.5566666666666,0.0,0.0,0.0,0.0,1.4863888888888888,23.996666666666666,15.0
2015-06-24,4857.754444444445,377.9147222222222,546.2552777777778,651.5155555555556,0.0,0.0,0.0,0.0,1.4269444444444443,23.987777777777776,16.3
2015-06-25,4918.943611111111,412.9486111111111,573.7099999999999,657.4283333333333,0.0,0.0,0.0,0.0,1.4694444444444443,23.993055555555557,17.8
2015-06-26,4881.589722222222,397.26138888888886,537.0508333333333,676.3161111111111,0.0,0.0,0.0,0.0,1.4769444444444444,23.999166666666667,17.4
2015-06-27,4878.623333333333,407.7647222222222,583.0763888888889,707.8613888888889,0.0,0.0,0.0,0.0,1.4241666666666666,23.98611111111111,17.6
2015-06-28,4926.445277777778,420.8183333333333,535.1383333333333,672.1272222222221,0.0,0.0,0.5075,0.11083333333333334,1.4583333333333333,23.99138888888889,16.9
2015-06-29,8949.058888888889,558.2372222222222,520.0002777777778,919.1966666666666,0.0,201.64138888888888,0.0,84.26416666666667,119.62194444444445,23.988888888888887,17.7
2015-06-30,8134.469722222222,570.5686111111111,561.4405555555555,827.0174999999999,0.0,791.4522222222222,0.0,8.689722222222223,135.5847222222222,24.106944444444444,22.6
2015-07-01,8692.7975,751.1333333333333,595.3630555555555,821.8,0.0,0.0,0.0,223.3488888888889,219.71916666666667,23.99222222222222,25.7
2015-07-02,8365.57111111111,649.9294444444445,557.3277777777778,905.3658333333333,0.0,0.0,0.0,109.25972222222222,311.4238888888889,23.990555555555556,19.2
2015-07-03,9059.355555555556,569.0161111111111,540.0713888888889,911.7422222222222,0.0,198.39833333333334,834.6594444444445,113.31194444444444,186.205,23.995555555555555,17.8
2015-07-04,9393.095833333333,605.5513888888888,533.2955555555556,779.5655555555555,0.0,7.964444444444444,0.0,66.80833333333334,405.1,24.426666666666666,19.4
2015-07-05,11188.42111111111,589.6238888888889,507.27194444444444,900.75,0.0,746.7177777777778,0.0,17.299444444444443,135.62416666666667,23.99972222222222,16.3
2015-07-06,8791.020833333334,551.9116666666666,498.62638888888887,817.6816666666666,0.09222222222222222,0.0,814.3766666666667,96.38527777777777,352.1986111111111,23.995,15.9
2015-07-07,9525.326944444445,561.8736111111111,522.2144444444444,741.0819444444444,0.0,0.0,0.0,53.42527777777778,211.44583333333333,23.9975,17.4
2015-07-08,8973.512222222222,530.8522222222222,535.5638888888889,795.7797222222222,0.0,206.82444444444445,822.5236111111111,136.24277777777777,32.9525,23.995555555555555,14.7
2015-07-09,6347.738611111111,463.81305555555554,536.8025,696.6019444444444,0.0,0.029166666666666667,0.0,71.76833333333333,21.96611111111111,23.996388888888887,14.8
2015-07-10,2563.8502777777776,226.31277777777777,265.09749999999997,344.91999999999996,0.0,0.0,0.06222222222222222,4.55,12.485277777777778,11.937777777777777,19.2
